"Filename","Score","Grade","Issues","Fractions","Units","Lines","Punctuation"
"20250521_132100(1).txt","100","A+","Perfect","2","8","32","8"
"20250529_132150.txt","100","A+","Perfect","5","7","37","13"
"20250529_132425.txt","100","A+","Perfect","4","7","25","7"
"20250603_113954.txt","100","A+","Perfect","0","6","14","5"
"20250610_205336.txt","100","A+","Perfect","0","3","28","10"
"20250521_134044.txt","99","A+","Corrupted","0","6","28","9"
"20250529_132326.txt","99","A+","Corrupted","2","3","25","7"
"20250603_122124.txt","99","A+","Corrupted","2","7","17","10"
"20250612_013437.txt","99","A+","Corrupted","2","11","24","11"
"20250612_014516.txt","99","A+","Corrupted","0","10","30","14"
"20250612_015153.txt","99","A+","Corrupted","0","4","31","10"
"20250612_022122.txt","99","A+","Corrupted","5","6","14","10"
"20250612_132830.txt","99","A+","Corrupted","0","6","22","17"
"20250519_220402(1).txt","98","A+","Corrupted","3","4","15","12"
"20250528_154705.txt","98","A+","Corrupted","12","31","47","32"
"20250603_115640.txt","98","A+","Corrupted","0","4","26","20"
"20250611_001759.txt","98","A+","Corrupted","0","2","35","16"
"20250612_134205.txt","98","A+","Corrupted","0","3","22","11"
"20250521_182705.txt","97","A+","Corrupted","5","10","14","12"
"20250528_161702.txt","97","A+","Corrupted","9","12","37","37"
"20250529_210227(1).txt","97","A+","Corrupted","0","2","15","11"
"20250610_233649.txt","97","A+","Corrupted","0","3","39","17"
"20250519_220402.txt","96","A+","Corrupted","6","6","20","20"
"20250521_182723.txt","96","A+","Corrupted","5","9","14","12"
"20250528_151447.txt","96","A+","Corrupted","8","16","29","21"
"20250528_153945.txt","96","A+","Corrupted","0","2","34","11"
"20250521_132110(1).txt","95","A+","MinimalFractions","1","6","26","11"
"20250528_152434.txt","95","A+","Corrupted","6","9","28","26"
"20250528_153011.txt","95","A+","Corrupted","11","20","45","40"
"20250529_132242.txt","95","A+","MinimalFractions","1","2","22","9"
"20250603_113008.txt","95","A+","MinimalCookingTerms","3","4","9","6"
"20250611_005058.txt","95","A+","MinimalFractions","1","10","21","15"
"20250612_013812.txt","95","A+","MinimalCookingTerms","0","4","11","3"
"20250612_133539.txt","95","A+","MinimalCookingTerms","0","4","41","20"
"20250528_161236.txt","94","A","Corrupted","11","21","46","46"
"20250603_135459.txt","94","A","Corrupted","0","6","32","23"
"20250610_183123.txt","94","A","Corrupted|MinimalFractions","1","9","40","14"
"20250612_123105.txt","94","A","Corrupted|MinimalCookingTerms","0","2","30","14"
"20250528_151336.txt","93","A","Corrupted","7","12","33","35"
"20250528_152328.txt","93","A","Corrupted","12","16","43","48"
"20250528_161209.txt","93","A","Corrupted","16","17","39","56"
"20250528_161750.txt","93","A","Corrupted","8","14","38","50"
"20250529_210338.txt","93","A","Corrupted","0","5","20","19"
"20250529_210518.txt","93","A","Corrupted","0","3","19","26"
"20250521_200640.txt","92","A","Corrupted","2","5","30","13"
"20250528_151116.txt","92","A","Corrupted","15","23","47","52"
"20250528_152929.txt","92","A","Corrupted","4","11","37","33"
"20250603_113347.txt","92","A","Corrupted|MinimalCookingTerms","3","7","12","9"
"20250612_013122.txt","92","A","Corrupted|MinimalFractions","1","4","17","8"
"20250612_013205.txt","92","A","Corrupted|MinimalFractions","1","13","39","27"
"20250612_021653.txt","92","A","Corrupted|MinimalFractions","1","16","36","31"
"20250612_021945.txt","92","A","Corrupted|MinimalFractions","1","18","35","24"
"20250612_134044.txt","92","A","Corrupted|MinimalCookingTerms","0","4","27","11"
"20250529_213043.txt","91","A","Corrupted|MinimalCookingTerms","0","5","16","16"
"20250603_115053.txt","91","A","Corrupted|MinimalFractions","1","3","32","21"
"20250603_134223.txt","91","A","Corrupted|MinimalFractions","1","4","15","41"
"20250610_182427.txt","91","A","Corrupted|MinimalFractions","1","6","39","23"
"20250611_003448.txt","91","A","Corrupted|MinimalFractions","1","8","37","18"
"20250612_134245.txt","91","A","Corrupted|MinimalCookingTerms","0","2","34","18"
"20250612_165204.txt","91","A","Corrupted","0","4","39","20"
"20250521_204125.txt","90","A","Corrupted","5","14","36","30"
"20250528_142531.txt","90","A","MinimalUnits","0","1","12","11"
"20250528_151022.txt","90","A","Corrupted","14","26","51","43"
"20250528_171550.txt","90","A","Corrupted|MinimalCookingTerms","3","5","43","22"
"20250529_024507.txt","90","A","MinimalUnits","0","1","14","14"
"20250529_133858.txt","90","A","Corrupted|MinimalFractions","1","9","29","19"
"20250529_211257.txt","90","A","MinimalUnits","0","1","23","19"
"20250603_120912.txt","90","A","Corrupted","3","13","66","45"
"20250612_130853.txt","90","A","Corrupted","0","2","59","50"
"20250528_165150.txt","89","A-","Corrupted|MinimalUnits","0","1","18","11"
"20250529_144925.txt","89","A-","Corrupted|MinimalFractions","1","6","45","38"
"20250529_145006.txt","89","A-","Corrupted|MinimalFractions","1","7","17","15"
"20250602_205503.txt","89","A-","Corrupted|MinimalFractions|MinimalCookingTerms","1","4","36","20"
"20250603_122514.txt","89","A-","Corrupted|MinimalFractions","1","8","19","28"
"20250610_232814.txt","89","A-","Corrupted","2","20","36","221"
"20250611_173144.txt","89","A-","Corrupted","2","24","53","58"
"20250612_023534.txt","89","A-","Corrupted","6","6","20","23"
"20250612_171218.txt","89","A-","Corrupted|MinimalFractions","1","7","31","36"
"20250519_204121.txt","88","A-","NoFractions","0","6","64","22"
"20250521_132106.txt","88","A-","NoFractions","0","3","26","13"
"20250521_165331(1).txt","88","A-","NoFractions","0","12","36","18"
"20250521_202355(1).txt","88","A-","NoFractions","0","5","13","18"
"20250521_203220.txt","88","A-","Corrupted|MinimalFractions","1","8","18","18"
"20250521_205246.txt","88","A-","NoFractions","0","8","58","21"
"20250528_142844.txt","88","A-","NoFractions","0","6","24","34"
"20250528_144138.txt","88","A-","NoFractions","0","23","42","33"
"20250528_153429.txt","88","A-","NoFractions","0","3","30","19"
"20250528_161035.txt","88","A-","NoFractions","0","2","38","19"
"20250528_165625.txt","88","A-","NoFractions","0","4","28","16"
"20250528_165729.txt","88","A-","NoFractions","0","5","27","21"
"20250528_232514.txt","88","A-","NoFractions","0","10","33","18"
"20250528_234838.txt","88","A-","NoFractions","0","2","22","10"
"20250529_024542.txt","88","A-","NoFractions","0","2","19","15"
"20250529_133309.txt","88","A-","NoFractions","0","8","24","16"
"20250529_210100.txt","88","A-","Corrupted|MinimalUnits","0","1","10","10"
"20250529_214245.txt","88","A-","Corrupted","3","26","48","47"
"20250602_211333.txt","88","A-","NoFractions","0","2","14","11"
"20250603_111451.txt","88","A-","NoFractions","0","8","45","13"
"20250610_184331.txt","88","A-","NoFractions","0","17","58","21"
"20250610_203133.txt","88","A-","Corrupted|MinimalFractions","1","3","35","27"
"20250611_160204.txt","88","A-","NoFractions","0","4","18","8"
"20250611_161105.txt","88","A-","NoFractions","0","6","60","19"
"20250611_161315.txt","88","A-","NoFractions","0","3","24","11"
"20250611_235000.txt","88","A-","NoFractions","0","9","27","18"
"20250612_013007.txt","88","A-","NoFractions","0","6","20","11"
"20250612_014718.txt","88","A-","NoFractions","0","7","22","5"
"20250612_015049.txt","88","A-","NoFractions","0","5","29","9"
"20250612_015349.txt","88","A-","NoFractions","0","5","13","5"
"20250612_015640.txt","88","A-","NoFractions","0","7","32","13"
"20250612_015736.txt","88","A-","NoFractions","0","5","19","11"
"20250612_131007.txt","88","A-","NoFractions","0","2","8","7"
"20250612_132131.txt","88","A-","Corrupted|FewCookingTerms","0","2","18","8"
"20250519_194510.txt","87","A-","Corrupted|NoFractions","0","3","12","11"
"20250520_011825(1).txt","87","A-","Corrupted","0","2","20","15"
"20250521_150006.txt","87","A-","Corrupted|MinimalUnits","0","1","23","12"
"20250521_170709(1).txt","87","A-","Corrupted|NoFractions","0","7","23","4"
"20250521_200731.txt","87","A-","Corrupted|NoFractions","0","4","24","15"
"20250521_202520.txt","87","A-","Corrupted|NoFractions","0","8","23","9"
"20250521_232034.txt","87","A-","Corrupted|NoFractions","0","6","34","33"
"20250528_142636.txt","87","A-","Corrupted|NoFractions","0","9","18","14"
"20250528_151558.txt","87","A-","Corrupted|NoFractions","0","5","31","10"
"20250528_152728.txt","87","A-","Corrupted|NoFractions","0","2","75","31"
"20250528_162406.txt","87","A-","Corrupted|NoFractions","0","10","26","11"
"20250528_165659.txt","87","A-","Corrupted|NoFractions","0","3","16","9"
"20250528_171832.txt","87","A-","Corrupted|MinimalUnits","0","1","31","29"
"20250528_222411.txt","87","A-","Corrupted|NoFractions","0","7","15","5"
"20250528_234220.txt","87","A-","Corrupted|NoFractions","0","2","29","12"
"20250529_002916.txt","87","A-","Corrupted|NoFractions","0","2","51","21"
"20250529_003127.txt","87","A-","Corrupted|NoFractions","0","3","22","12"
"20250529_024256.txt","87","A-","Corrupted|NoFractions","0","2","23","10"
"20250529_024612.txt","87","A-","Corrupted|NoFractions","0","2","30","9"
"20250529_133340.txt","87","A-","Corrupted|NoFractions","0","3","15","8"
"20250529_145311(1).txt","87","A-","Corrupted|MinimalFractions","1","7","47","42"
"20250529_211546.txt","87","A-","Corrupted|MinimalFractions","1","9","19","21"
"20250529_213229.txt","87","A-","Corrupted|NoFractions","0","2","18","10"
"20250603_111153.txt","87","A-","Corrupted","3","4","19","13"
"20250603_111340.txt","87","A-","Corrupted|NoFractions","0","12","28","7"
"20250603_121712.txt","87","A-","Corrupted|NoFractions","0","3","31","16"
"20250603_121856.txt","87","A-","Corrupted|NoFractions","0","5","15","9"
"20250603_121943.txt","87","A-","Corrupted|NoFractions","0","9","20","14"
"20250603_135236.txt","87","A-","Corrupted|NoFractions","0","5","13","10"
"20250610_182935.txt","87","A-","Corrupted|NoFractions","0","6","33","13"
"20250610_183009.txt","87","A-","Corrupted|NoFractions","0","9","31","11"
"20250610_183053.txt","87","A-","Corrupted|NoFractions","0","10","37","13"
"20250610_183233.txt","87","A-","Corrupted|NoFractions","0","8","33","15"
"20250610_183531.txt","87","A-","Corrupted|NoFractions","0","7","20","10"
"20250610_183622.txt","87","A-","Corrupted|NoFractions","0","7","27","9"
"20250610_183652.txt","87","A-","Corrupted|NoFractions","0","6","31","15"
"20250610_183721.txt","87","A-","Corrupted|NoFractions","0","9","33","15"
"20250610_183756.txt","87","A-","Corrupted|NoFractions","0","10","30","16"
"20250610_183831.txt","87","A-","Corrupted|NoFractions","0","4","40","18"
"20250610_183912.txt","87","A-","Corrupted|NoFractions","0","7","33","15"
"20250610_183953.txt","87","A-","Corrupted|NoFractions","0","8","31","15"
"20250610_193730.txt","87","A-","Corrupted|NoFractions","0","9","33","23"
"20250611_001506.txt","87","A-","Corrupted|NoFractions","0","6","18","5"
"20250611_004122.txt","87","A-","Corrupted|NoFractions","0","4","22","7"
"20250611_005002.txt","87","A-","Corrupted|NoFractions","0","12","20","7"
"20250611_161217.txt","87","A-","Corrupted|NoFractions","0","7","43","15"
"20250611_170035.txt","87","A-","Corrupted|NoFractions","0","6","37","10"
"20250611_191754.txt","87","A-","Corrupted","0","3","43","29"
"20250612_012623.txt","87","A-","Corrupted|NoFractions","0","7","28","16"
"20250612_015245.txt","87","A-","Corrupted|NoFractions","0","9","47","10"
"20250612_125243.txt","87","A-","Corrupted|NoFractions","0","2","29","16"
"20250612_130511.txt","87","A-","Corrupted|NoFractions","0","8","13","2"
"20250612_133754.txt","87","A-","Corrupted|NoFractions","0","8","23","5"
"20250612_134812.txt","87","A-","Corrupted|NoFractions","0","8","47","25"
"20250612_135157.txt","87","A-","Corrupted|NoFractions","0","7","28","15"
"20250612_135805.txt","87","A-","Corrupted|NoFractions","0","5","22","15"
"20250612_142359.txt","87","A-","Corrupted|NoFractions","0","6","12","17"
"20250612_144403.txt","87","A-","Corrupted|NoFractions","0","8","48","26"
"20250612_170630.txt","87","A-","Corrupted|NoFractions","0","7","54","26"
"20250612_170801.txt","87","A-","Corrupted|NoFractions","0","6","30","14"
"20250519_205555 (2).txt","86","A-","Corrupted|NoFractions","0","2","20","17"
"20250521_134804(1).txt","86","A-","Corrupted|NoFractions","0","2","48","17"
"20250521_195922.txt","86","A-","Corrupted|NoFractions","0","8","30","34"
"20250521_231931.txt","86","A-","Corrupted|NoFractions","0","4","35","10"
"20250521_232324.txt","86","A-","Corrupted|NoFractions","0","5","23","24"
"20250528_143607.txt","86","A-","Corrupted","0","2","43","33"
"20250528_153752.txt","86","A-","Corrupted|NoFractions","0","2","22","15"
"20250528_154041.txt","86","A-","Corrupted|NoFractions","0","7","19","28"
"20250528_154317.txt","86","A-","Corrupted|NoFractions","0","10","17","14"
"20250528_161347.txt","86","A-","Corrupted|NoFractions","0","6","39","11"
"20250528_162332.txt","86","A-","Corrupted|NoFractions","0","4","38","17"
"20250528_170622.txt","86","A-","Corrupted|NoFractions","0","4","40","21"
"20250528_170756.txt","86","A-","Corrupted|NoFractions","0","4","30","23"
"20250528_172756.txt","86","A-","Corrupted|NoFractions","0","2","27","18"
"20250528_232702.txt","86","A-","Corrupted|NoFractions","0","9","39","31"
"20250528_235216.txt","86","A-","Corrupted|NoFractions","0","5","41","14"
"20250528_235727.txt","86","A-","Corrupted|NoFractions","0","3","30","15"
"20250529_000141.txt","86","A-","Corrupted|NoFractions","0","4","44","24"
"20250529_013516.txt","86","A-","Corrupted|NoFractions","0","4","23","16"
"20250529_013811(1).txt","86","A-","Corrupted|NoFractions","0","3","34","28"
"20250529_132747.txt","86","A-","Corrupted|NoFractions","0","10","19","14"
"20250529_133208.txt","86","A-","Corrupted|NoFractions","0","6","36","11"
"20250529_133833.txt","86","A-","Corrupted|NoFractions","0","4","15","14"
"20250529_145903.txt","86","A-","Corrupted","0","3","48","82"
"20250529_213416.txt","86","A-","Corrupted|NoFractions","0","6","10","9"
"20250603_132852.txt","86","A-","Corrupted|NoFractions","0","5","18","17"
"20250603_134419.txt","86","A-","Corrupted|NoFractions","0","9","21","57"
"20250603_134644.txt","86","A-","Corrupted|NoFractions","0","3","14","6"
"20250603_135825.txt","86","A-","Corrupted|NoFractions","0","6","26","33"
"20250610_183203.txt","86","A-","Corrupted|NoFractions","0","7","22","13"
"20250610_184456.txt","86","A-","Corrupted","0","2","48","53"
"20250610_201029.txt","86","A-","Corrupted|NoFractions","0","8","33","23"
"20250610_202200.txt","86","A-","Corrupted|NoFractions","0","6","14","10"
"20250610_231249.txt","86","A-","Corrupted|MinimalFractions","1","22","29","30"
"20250610_233951.txt","86","A-","Corrupted|NoFractions","0","7","19","10"
"20250610_234203.txt","86","A-","Corrupted|NoFractions","0","12","22","5"
"20250611_001618.txt","86","A-","Corrupted|NoFractions","0","8","35","15"
"20250611_011323.txt","86","A-","Corrupted|NoFractions","0","8","32","20"
"20250611_011434.txt","86","A-","Corrupted|NoFractions","0","4","43","18"
"20250611_160831.txt","86","A-","Corrupted|NoFractions","0","3","36","18"
"20250612_012655.txt","86","A-","Corrupted|NoFractions","0","8","22","7"
"20250612_013318.txt","86","A-","Corrupted|NoFractions","0","10","38","15"
"20250612_013400.txt","86","A-","Corrupted|NoFractions","0","9","22","13"
"20250612_013609.txt","86","A-","Corrupted|NoFractions","0","7","42","31"
"20250612_013855.txt","86","A-","Corrupted|NoFractions","0","9","25","13"
"20250612_014154.txt","86","A-","Corrupted|NoFractions","0","14","29","14"
"20250612_014910.txt","86","A-","Corrupted|NoFractions","0","5","28","8"
"20250612_015857.txt","86","A-","Corrupted|NoFractions","0","6","25","12"
"20250612_024142.txt","86","A-","Corrupted|NoFractions","0","9","35","23"
"20250612_122839.txt","86","A-","Corrupted|NoFractions","0","9","20","12"
"20250612_124440.txt","86","A-","Corrupted|NoFractions","0","14","70","26"
"20250612_124923.txt","86","A-","Corrupted|NoFractions","0","9","51","23"
"20250612_125100.txt","86","A-","Corrupted|NoFractions","0","9","22","8"
"20250612_125347.txt","86","A-","Corrupted|NoFractions","0","9","34","18"
"20250612_130709.txt","86","A-","Corrupted|NoFractions","0","5","30","25"
"20250612_132201.txt","86","A-","Corrupted|NoFractions","0","5","28","24"
"20250612_132423.txt","86","A-","Corrupted|NoFractions","0","13","49","32"
"20250612_132457.txt","86","A-","Corrupted|NoFractions","0","10","39","29"
"20250612_134604.txt","86","A-","Corrupted|NoFractions","0","5","26","17"
"20250612_135053.txt","86","A-","Corrupted|MinimalUnits","0","1","40","28"
"20250612_143411.txt","86","A-","Corrupted|NoFractions","0","9","11","14"
"20250612_165447.txt","86","A-","Corrupted|NoFractions","0","15","19","18"
"20250612_171037.txt","86","A-","Corrupted|NoFractions","0","10","22","18"
"20250612_172013.txt","86","A-","Corrupted|NoFractions","0","6","19","10"
"20250612_172123.txt","86","A-","Corrupted|NoFractions","0","9","30","14"
"20250519_204942.txt","85","A-","Corrupted|NoFractions","0","4","33","14"
"20250519_215819(1).txt","85","A-","Corrupted|NoFractions","0","2","18","24"
"20250520_130847.txt","85","A-","Corrupted|NoFractions","0","3","31","15"
"20250521_015010.txt","85","A-","Corrupted|MinimalFractions|MinimalCookingTerms","1","2","28","15"
"20250521_133039(1).txt","85","A-","Corrupted|NoFractions","0","2","25","12"
"20250521_133051(1).txt","85","A-","Corrupted|NoFractions","0","7","39","20"
"20250521_143811(1).txt","85","A-","Corrupted|NoFractions","0","3","45","15"
"20250521_195830.txt","85","A-","Corrupted|MinimalFractions","1","4","22","28"
"20250521_203023.txt","85","A-","Corrupted|NoFractions","0","5","29","17"
"20250521_203532.txt","85","A-","Corrupted|NoFractions","0","5","25","15"
"20250528_142939.txt","85","A-","Corrupted|NoFractions","0","10","22","22"
"20250528_153313.txt","85","A-","Corrupted|NoFractions","0","5","27","15"
"20250528_154830.txt","85","A-","Corrupted|NoFractions","0","4","35","22"
"20250528_160725.txt","85","A-","Corrupted|NoFractions","0","8","22","19"
"20250528_161421.txt","85","A-","Corrupted|NoFractions","0","8","86","32"
"20250528_162024.txt","85","A-","Corrupted|NoFractions","0","3","23","12"
"20250528_162506.txt","85","A-","Corrupted|NoFractions","0","17","50","15"
"20250528_164756.txt","85","A-","Corrupted|NoFractions","0","4","29","12"
"20250528_164848.txt","85","A-","NoUnits","0","0","20","11"
"20250528_171015.txt","85","A-","Corrupted|NoFractions","0","2","32","28"
"20250528_171459.txt","85","A-","Corrupted|NoFractions","0","4","31","23"
"20250528_171730.txt","85","A-","Corrupted|NoFractions","0","2","14","14"
"20250528_172902.txt","85","A-","Corrupted|NoFractions","0","9","48","23"
"20250528_173538.txt","85","A-","Corrupted|NoFractions","0","5","26","22"
"20250528_233837.txt","85","A-","Corrupted|NoFractions","0","3","51","26"
"20250528_235003.txt","85","A-","Corrupted|NoFractions","0","2","25","6"
"20250529_013640.txt","85","A-","NoUnits","0","0","19","9"
"20250529_021725.txt","85","A-","Corrupted|MinimalCookingTerms","0","2","37","43"
"20250529_022100.txt","85","A-","Corrupted|NoFractions","0","5","13","8"
"20250529_024942.txt","85","A-","Corrupted|NoFractions","0","5","34","25"
"20250529_132912.txt","85","A-","Corrupted|NoFractions","0","3","24","19"
"20250529_133812.txt","85","A-","Corrupted|NoFractions","0","7","17","9"
"20250529_144255.txt","85","A-","Corrupted","2","16","54","49"
"20250529_211803.txt","85","A-","Corrupted|NoFractions","0","3","32","8"
"20250529_211846.txt","85","A-","Corrupted|NoFractions","0","3","15","6"
"20250529_214051.txt","85","A-","Corrupted|MinimalFractions","1","16","48","56"
"20250529_214134.txt","85","A-","Corrupted|MinimalFractions","1","21","46","47"
"20250603_111235.txt","85","A-","Corrupted|NoFractions","0","22","44","32"
"20250603_121807.txt","85","A-","MinimalUnits|MinimalCookingTerms","0","1","22","6"
"20250603_122039.txt","85","A-","Corrupted|NoFractions","0","10","15","17"
"20250603_123723.txt","85","A-","Corrupted|NoFractions","0","6","41","18"
"20250603_135047.txt","85","A-","Corrupted|NoFractions","0","4","16","12"
"20250603_135657.txt","85","A-","Corrupted|NoFractions","0","9","22","15"
"20250610_183436.txt","85","A-","Corrupted|NoFractions","0","8","27","14"
"20250610_193346.txt","85","A-","Corrupted|NoFractions","0","16","45","56"
"20250610_194732.txt","85","A-","Corrupted|NoFractions","0","13","44","42"
"20250610_194911.txt","85","A-","Corrupted|NoFractions","0","16","40","38"
"20250610_202321.txt","85","A-","Corrupted|NoFractions","0","17","29","35"
"20250610_204012.txt","85","A-","Corrupted|NoFractions","0","9","23","24"
"20250610_204109.txt","85","A-","Corrupted|NoFractions","0","14","36","26"
"20250610_233741.txt","85","A-","Corrupted|NoFractions","0","5","39","13"
"20250610_234121.txt","85","A-","Corrupted|NoFractions","0","9","39","15"
"20250611_003412.txt","85","A-","Corrupted|NoFractions","0","5","35","14"
"20250611_003651.txt","85","A-","Corrupted|NoFractions","0","6","40","16"
"20250611_003752.txt","85","A-","Corrupted|NoFractions","0","7","35","16"
"20250611_004222.txt","85","A-","Corrupted|NoFractions","0","4","40","15"
"20250611_011247.txt","85","A-","Corrupted|NoFractions","0","7","29","7"
"20250611_155956.txt","85","A-","Corrupted|NoFractions","0","8","49","25"
"20250611_160651.txt","85","A-","Corrupted|NoFractions","0","8","31","15"
"20250611_160910.txt","85","A-","Corrupted|NoFractions","0","8","62","29"
"20250611_161421.txt","85","A-","Corrupted|MinimalUnits","0","1","27","10"
"20250611_165837.txt","85","A-","Corrupted|NoFractions","0","8","33","14"
"20250611_165906.txt","85","A-","Corrupted|NoFractions","0","7","25","12"
"20250611_170312.txt","85","A-","Corrupted|NoFractions","0","3","25","19"
"20250612_013239.txt","85","A-","MinimalFractions|FewCookingTerms","1","8","24","6"
"20250612_013509.txt","85","A-","Corrupted|NoFractions","0","9","23","14"
"20250612_013745.txt","85","A-","NoFractions|LowPunctuation","0","10","27","4"
"20250612_013934.txt","85","A-","Corrupted|NoFractions","0","11","30","15"
"20250612_014107.txt","85","A-","Corrupted|NoFractions","0","18","44","24"
"20250612_014426.txt","85","A-","Corrupted|NoFractions","0","18","40","32"
"20250612_020042.txt","85","A-","Corrupted|NoFractions","0","6","31","17"
"20250612_125155.txt","85","A-","NoFractions|LowPunctuation","0","6","9","1"
"20250612_130403.txt","85","A-","Corrupted|NoFractions","0","4","42","31"
"20250612_130747.txt","85","A-","Corrupted|NoFractions","0","9","45","11"
"20250612_132303.txt","85","A-","Corrupted|NoFractions","0","11","62","23"
"20250612_132616.txt","85","A-","Corrupted|NoFractions","0","8","33","22"
"20250612_134950.txt","85","A-","Corrupted|NoFractions","0","9","36","19"
"20250612_143247.txt","85","A-","Corrupted|NoFractions","0","9","27","27"
"20250612_165115.txt","85","A-","Corrupted|NoFractions","0","13","37","31"
"20250612_170858.txt","85","A-","Corrupted|NoFractions","0","5","30","16"
"20250612_171839.txt","85","A-","Corrupted|MinimalFractions","1","7","36","45"
"20250519_190841(1).txt","84","B+","Corrupted|NoFractions","0","9","21","9"
"20250519_194424.txt","84","B+","Corrupted|NoFractions","0","3","25","20"
"20250519_194440.txt","84","B+","Corrupted|NoFractions","0","3","33","23"
"20250519_221103(1).txt","84","B+","Corrupted|MinimalCookingTerms","0","2","40","25"
"20250521_002131.txt","84","B+","Corrupted|NoFractions","0","5","16","15"
"20250521_112037.txt","84","B+","Corrupted|NoFractions","0","8","13","20"
"20250521_201003.txt","84","B+","Corrupted|NoFractions","0","4","39","12"
"20250521_201829.txt","84","B+","Corrupted|NoFractions","0","8","20","20"
"20250521_201929.txt","84","B+","Corrupted|NoFractions","0","5","28","17"
"20250521_202026.txt","84","B+","Corrupted|NoFractions","0","6","37","14"
"20250521_202814.txt","84","B+","Corrupted|NoFractions","0","3","28","26"
"20250521_203939.txt","84","B+","Corrupted|NoFractions","0","4","21","15"
"20250528_162928.txt","84","B+","Corrupted|NoFractions","0","8","52","25"
"20250528_163324.txt","84","B+","Corrupted|NoFractions","0","5","34","26"
"20250528_164052.txt","84","B+","Corrupted|NoFractions","0","2","31","14"
"20250528_170033.txt","84","B+","Corrupted|NoFractions","0","4","44","26"
"20250528_172136.txt","84","B+","Corrupted|NoUnits","0","0","20","12"
"20250528_172231.txt","84","B+","Corrupted|NoFractions","0","7","42","23"
"20250528_232414.txt","84","B+","Corrupted|NoFractions","0","13","38","21"
"20250528_232639.txt","84","B+","Corrupted|NoFractions","0","11","40","34"
"20250529_002947.txt","84","B+","Corrupted|NoFractions","0","5","53","15"
"20250529_013611.txt","84","B+","Corrupted|NoFractions","0","3","34","16"
"20250529_013730.txt","84","B+","Corrupted|NoFractions","0","4","33","31"
"20250529_014530.txt","84","B+","Corrupted|NoUnits","2","0","21","6"
"20250529_024213.txt","84","B+","Corrupted|NoFractions","0","2","22","21"
"20250529_024723.txt","84","B+","Corrupted|NoFractions","0","3","27","13"
"20250529_133134.txt","84","B+","Corrupted|NoFractions","0","9","17","13"
"20250529_133741.txt","84","B+","Corrupted|NoFractions","0","8","35","14"
"20250529_140439.txt","84","B+","Corrupted|NoFractions","0","11","48","22"
"20250529_145032.txt","84","B+","Corrupted|MinimalFractions|MinimalCookingTerms","1","6","29","12"
"20250529_145631.txt","84","B+","Corrupted|MinimalFractions","1","19","52","44"
"20250529_205932.txt","84","B+","Corrupted|NoFractions","0","3","19","10"
"20250529_210011.txt","84","B+","Corrupted|FewCookingTerms|ShortContent","0","2","4","1"
"20250529_211111.txt","84","B+","Corrupted","0","5","31","25"
"20250529_212138.txt","84","B+","Corrupted","2","23","53","71"
"20250529_213127.txt","84","B+","Corrupted|NoFractions","0","2","20","13"
"20250602_210541.txt","84","B+","Corrupted|NoFractions","0","5","37","21"
"20250603_111312.txt","84","B+","Corrupted|NoFractions|LowPunctuation","0","4","22","3"
"20250603_133144.txt","84","B+","Corrupted|NoFractions","0","6","27","24"
"20250603_134353.txt","84","B+","Corrupted|NoFractions","0","11","20","44"
"20250603_134545.txt","84","B+","Corrupted|NoFractions","0","2","15","6"
"20250603_135821.txt","84","B+","Corrupted|NoFractions","0","10","25","19"
"20250610_182846.txt","84","B+","Corrupted|NoFractions","0","8","31","15"
"20250610_201844.txt","84","B+","Corrupted|NoFractions","0","8","14","15"
"20250610_202458.txt","84","B+","Corrupted|NoFractions","0","13","22","23"
"20250611_001030.txt","84","B+","Corrupted|NoFractions","0","13","57","21"
"20250611_001438.txt","84","B+","Corrupted|NoFractions","0","6","32","16"
"20250611_001536.txt","84","B+","Corrupted|NoUnits","0","0","15","12"
"20250611_003220.txt","84","B+","Corrupted|NoFractions","0","3","35","24"
"20250611_004427.txt","84","B+","Corrupted|NoFractions|LowPunctuation","0","8","28","2"
"20250611_004910.txt","84","B+","Corrupted|NoFractions","0","8","21","13"
"20250611_011622.txt","84","B+","Corrupted|NoFractions","0","12","62","22"
"20250611_165948.txt","84","B+","Corrupted|NoFractions","0","2","28","17"
"20250611_173016.txt","84","B+","Corrupted|NoFractions","0","7","52","60"
"20250612_014222.txt","84","B+","Corrupted|NoFractions","0","8","16","6"
"20250612_014307.txt","84","B+","Corrupted|NoFractions","0","15","34","14"
"20250612_020852.txt","84","B+","Corrupted|NoFractions","0","6","52","13"
"20250612_021458.txt","84","B+","Corrupted|NoFractions","0","13","33","34"
"20250612_122633.txt","84","B+","Corrupted|NoFractions","0","6","32","18"
"20250612_122932.txt","84","B+","Corrupted|NoFractions","0","3","57","28"
"20250612_124847.txt","84","B+","Corrupted|NoFractions","0","3","38","18"
"20250612_130245.txt","84","B+","Corrupted|NoFractions","0","11","67","32"
"20250612_130446.txt","84","B+","Corrupted|NoFractions","0","7","48","25"
"20250612_130933.txt","84","B+","Corrupted|NoFractions","0","4","37","30"
"20250612_141132.txt","84","B+","Corrupted|NoFractions","0","7","12","14"
"20250612_141424.txt","84","B+","Corrupted|MinimalUnits|MinimalCookingTerms","0","1","9","13"
"20250612_165605.txt","84","B+","Corrupted|NoFractions","0","4","20","10"
"20250519_194428.txt","83","B+","Corrupted|MinimalUnits","0","1","34","22"
"20250519_215712(1).txt","83","B+","Corrupted|NoFractions","0","6","25","22"
"20250521_131609.txt","83","B+","Corrupted|NoFractions","0","2","27","16"
"20250521_151041.txt","83","B+","Corrupted|NoFractions","0","30","27","29"
"20250521_170618.txt","83","B+","Corrupted|NoFractions","0","3","29","31"
"20250521_174757.txt","83","B+","Corrupted|NoFractions","0","4","21","19"
"20250521_201458.txt","83","B+","NoFractions|MinimalCookingTerms","0","3","18","5"
"20250521_203630.txt","83","B+","Corrupted|NoFractions","0","6","31","16"
"20250521_204949.txt","83","B+","Corrupted|NoFractions","0","7","35","22"
"20250521_205056.txt","83","B+","Corrupted|NoFractions","0","2","33","16"
"20250521_234119.txt","83","B+","Corrupted","2","11","35","37"
"20250528_152611.txt","83","B+","Corrupted|MinimalUnits|MinimalCookingTerms","0","1","40","10"
"20250528_163834.txt","83","B+","NoFractions|MinimalCookingTerms","0","3","33","21"
"20250528_172417.txt","83","B+","Corrupted|NoFractions","0","4","27","23"
"20250528_173409.txt","83","B+","NoFractions|MinimalCookingTerms","0","4","20","10"
"20250529_000425.txt","83","B+","Corrupted|NoFractions","0","3","75","32"
"20250529_002555.txt","83","B+","NoFractions|MinimalCookingTerms","0","4","17","6"
"20250529_014620.txt","83","B+","Corrupted|NoUnits","1","0","22","7"
"20250529_014757.txt","83","B+","Corrupted|NoFractions","0","2","23","11"
"20250529_021544.txt","83","B+","Corrupted|NoFractions","0","4","15","23"
"20250529_023419.txt","83","B+","Corrupted|NoFractions","0","7","21","30"
"20250529_024852.txt","83","B+","NoFractions|MinimalCookingTerms","0","2","22","10"
"20250529_025134.txt","83","B+","Corrupted|MinimalUnits|MinimalCookingTerms","0","1","30","21"
"20250529_025239(1).txt","83","B+","Corrupted|NoUnits","0","0","18","9"
"20250529_133446.txt","83","B+","NoFractions|MinimalCookingTerms","0","3","17","5"
"20250529_135515.txt","83","B+","NoFractions|MinimalCookingTerms","0","8","28","11"
"20250529_140303.txt","83","B+","Corrupted|NoFractions","0","14","22","10"
"20250529_210151.txt","83","B+","Corrupted|NoFractions","0","8","25","18"
"20250529_212448.txt","83","B+","Corrupted|MinimalFractions","1","9","47","45"
"20250603_111423.txt","83","B+","NoFractions|MinimalCookingTerms","0","3","29","5"
"20250603_115144.txt","83","B+","Corrupted|MinimalCookingTerms","2","10","37","48"
"20250603_120314.txt","83","B+","Corrupted|NoFractions","0","9","34","13"
"20250603_121420.txt","83","B+","Corrupted|NoFractions","0","3","44","27"
"20250603_121622.txt","83","B+","Corrupted|NoFractions","0","3","31","24"
"20250603_122317.txt","83","B+","Corrupted|NoFractions","0","3","22","7"
"20250603_123429.txt","83","B+","NoFractions|MinimalCookingTerms","0","2","11","11"
"20250603_130243.txt","83","B+","Corrupted|NoFractions","0","6","17","13"
"20250603_133649.txt","83","B+","Corrupted|NoFractions","0","11","29","165"
"20250603_134500.txt","83","B+","Corrupted|NoFractions","0","2","14","5"
"20250603_134819.txt","83","B+","Corrupted|NoFractions","0","7","14","5"
"20250610_183357.txt","83","B+","Corrupted|NoFractions","0","11","27","17"
"20250610_184208.txt","83","B+","Corrupted|NoFractions","0","9","19","12"
"20250610_200826.txt","83","B+","Corrupted|NoFractions","0","6","27","9"
"20250610_204255.txt","83","B+","Corrupted|NoFractions","0","8","34","13"
"20250610_234324.txt","83","B+","Corrupted|NoUnits","0","0","24","15"
"20250611_004722.txt","83","B+","Corrupted|MinimalFractions","1","20","61","66"
"20250611_165758.txt","83","B+","Corrupted|NoFractions","0","3","15","11"
"20250611_234734.txt","83","B+","NoFractions|MinimalCookingTerms","0","9","22","19"
"20250612_013041.txt","83","B+","NoFractions|MinimalCookingTerms","0","3","25","7"
"20250612_015809.txt","83","B+","Corrupted|MinimalUnits|MinimalCookingTerms","0","1","9","4"
"20250612_125028.txt","83","B+","Corrupted|NoUnits","0","0","12","12"
"20250612_131354.txt","83","B+","Corrupted|NoFractions","0","7","56","41"
"20250612_133915.txt","83","B+","Corrupted|NoFractions","0","8","51","27"
"20250612_135845.txt","83","B+","Corrupted|NoFractions","0","8","38","20"
"20250612_142245.txt","83","B+","Corrupted|NoFractions","0","9","20","20"
"20250612_142923.txt","83","B+","Corrupted|NoFractions","0","10","31","47"
"20250612_143041.txt","83","B+","Corrupted|NoFractions","0","7","20","14"
"20250612_170828.txt","83","B+","Corrupted|NoFractions","0","6","32","20"
"20250612_171947.txt","83","B+","NoFractions|MinimalCookingTerms","0","5","15","7"
"20250519_201629.txt","82","B+","Corrupted|NoFractions","0","6","53","17"
"20250519_204553.txt","82","B+","Corrupted|NoFractions","0","3","52","24"
"20250519_232141(1).txt","82","B+","Corrupted|NoFractions|MinimalCookingTerms","0","4","17","11"
"20250519_232418.txt","82","B+","Corrupted|NoFractions","0","3","31","26"
"20250519_232507.txt","82","B+","Corrupted|NoFractions","0","4","33","19"
"20250521_132908(1).txt","82","B+","Corrupted|NoFractions","0","2","20","10"
"20250521_135504(1).txt","82","B+","Corrupted|NoUnits","1","0","17","8"
"20250521_140314.txt","82","B+","Corrupted|NoFractions","0","13","26","21"
"20250521_150832.txt","82","B+","Corrupted|NoFractions","0","2","45","26"
"20250521_182821.txt","82","B+","Corrupted|NoFractions","0","7","45","16"
"20250521_205140.txt","82","B+","Corrupted|NoFractions|MinimalCookingTerms","0","4","26","11"
"20250521_231738.txt","82","B+","Corrupted|NoFractions","0","14","48","42"
"20250528_143931.txt","82","B+","Corrupted|NoFractions","0","10","51","41"
"20250528_162152.txt","82","B+","Corrupted|NoFractions","0","5","15","25"
"20250528_170203.txt","82","B+","Corrupted|MinimalUnits","0","1","31","21"
"20250528_234603.txt","82","B+","Corrupted|NoFractions|MinimalCookingTerms","0","3","14","5"
"20250529_002406.txt","82","B+","Corrupted|NoFractions|MinimalCookingTerms","0","3","16","8"
"20250529_023726.txt","82","B+","Corrupted|NoFractions|MinimalCookingTerms","0","8","24","9"
"20250529_024819.txt","82","B+","Corrupted|NoFractions","0","4","41","14"
"20250529_133048.txt","82","B+","Corrupted|NoFractions","0","4","33","22"
"20250603_113101.txt","82","B+","Corrupted|MinimalFractions|MinimalCookingTerms","1","3","15","4"
"20250603_113224.txt","82","B+","Corrupted|MinimalFractions|FewCookingTerms","1","3","11","13"
"20250603_113251.txt","82","B+","Corrupted|FewCookingTerms|ShortContent","2","2","7","2"
"20250603_120445.txt","82","B+","Corrupted|NoFractions","0","10","28","24"
"20250603_122452.txt","82","B+","Corrupted|NoFractions","0","8","19","18"
"20250603_123543.txt","82","B+","Corrupted|NoFractions|MinimalCookingTerms","0","9","17","13"
"20250603_133329.txt","82","B+","Corrupted|NoFractions","0","9","27","22"
"20250603_133555.txt","82","B+","Corrupted|NoFractions","0","10","31","106"
"20250603_134923.txt","82","B+","Corrupted|NoFractions","0","9","11","12"
"20250603_135827.txt","82","B+","Corrupted|NoFractions","0","4","22","13"
"20250610_204807.txt","82","B+","Corrupted|NoFractions","0","6","30","18"
"20250610_230654.txt","82","B+","Corrupted|NoFractions","0","22","34","35"
"20250611_000935.txt","82","B+","Corrupted|NoUnits","0","0","15","8"
"20250611_003613.txt","82","B+","Corrupted|NoFractions","0","7","37","16"
"20250611_160035.txt","82","B+","Corrupted|NoFractions","0","8","27","10"
"20250611_173255.txt","82","B+","Corrupted|MinimalFractions","1","8","52","69"
"20250611_234857.txt","82","B+","Corrupted|NoFractions|MinimalCookingTerms","0","2","26","17"
"20250612_122458.txt","82","B+","Corrupted|NoFractions|MinimalCookingTerms","0","5","17","14"
"20250612_122559.txt","82","B+","Corrupted|NoFractions","0","6","38","16"
"20250612_124631.txt","82","B+","Corrupted|NoFractions","0","10","43","30"
"20250612_124955.txt","82","B+","Corrupted|NoFractions","0","6","21","8"
"20250612_133824.txt","82","B+","Corrupted|NoFractions|MinimalCookingTerms","0","3","16","12"
"20250612_135944.txt","82","B+","Corrupted|MinimalUnits|MinimalCookingTerms","0","1","15","7"
"20250612_142602.txt","82","B+","Corrupted|NoFractions","0","10","33","30"
"20250612_142824.txt","82","B+","Corrupted|NoFractions|MinimalCookingTerms","0","2","13","15"
"20250519_191906(1).txt","81","B+","Corrupted|NoFractions","0","4","24","23"
"20250519_205038.txt","81","B+","Corrupted|NoFractions","0","3","15","11"
"20250519_215413(1).txt","81","B+","Corrupted|NoFractions","0","4","22","18"
"20250519_215521.txt","81","B+","Corrupted|NoFractions|MinimalCookingTerms","0","2","17","6"
"20250519_220423(1).txt","81","B+","Corrupted|MinimalCookingTerms","2","2","21","24"
"20250519_221011.txt","81","B+","Corrupted|NoFractions","0","3","24","18"
"20250521_135316(1).txt","81","B+","Corrupted|NoUnits","0","0","44","22"
"20250521_203747.txt","81","B+","Corrupted|NoFractions|MinimalCookingTerms","0","7","28","11"
"20250521_204519.txt","81","B+","Corrupted|NoFractions","0","11","21","19"
"20250522_005225.txt","81","B+","Corrupted|NoFractions","0","21","78","85"
"20250528_160833.txt","81","B+","Corrupted|NoFractions","0","3","24","24"
"20250528_164954.txt","81","B+","Corrupted|NoFractions|MinimalCookingTerms","0","2","12","5"
"20250528_165048.txt","81","B+","Corrupted|NoFractions|ShortContent","0","2","17","5"
"20250528_170834.txt","81","B+","Corrupted|NoFractions","0","2","21","9"
"20250528_171143.txt","81","B+","Corrupted|NoFractions|MinimalCookingTerms","0","3","13","9"
"20250528_233803.txt","81","B+","Corrupted|NoFractions","0","3","37","27"
"20250529_003211.txt","81","B+","Corrupted|NoFractions|MinimalCookingTerms","0","8","29","15"
"20250529_022203.txt","81","B+","Corrupted|MinimalCookingTerms","0","4","12","8"
"20250529_023948.txt","81","B+","Corrupted|NoFractions","0","9","43","60"
"20250603_121307.txt","81","B+","Corrupted|NoFractions|MinimalCookingTerms","0","2","32","13"
"20250603_122835.txt","81","B+","Corrupted|NoFractions","0","3","28","14"
"20250603_135126.txt","81","B+","Corrupted|NoFractions|MinimalCookingTerms","0","5","13","8"
"20250610_194829.txt","81","B+","Corrupted|NoFractions","0","17","41","45"
"20250610_200045.txt","81","B+","Corrupted|NoFractions","0","9","22","12"
"20250610_202018.txt","81","B+","Corrupted|NoFractions|MinimalCookingTerms","0","7","16","19"
"20250610_204339.txt","81","B+","Corrupted|NoFractions","0","5","31","15"
"20250610_231509.txt","81","B+","Corrupted|NoFractions","0","15","30","43"
"20250610_234619.txt","81","B+","Corrupted|NoFractions|MinimalCookingTerms","0","3","20","5"
"20250612_014339.txt","81","B+","Corrupted|NoFractions|MinimalCookingTerms","0","11","29","8"
"20250612_122309.txt","81","B+","Corrupted|NoFractions|MinimalCookingTerms","0","5","13","10"
"20250612_124401.txt","81","B+","Corrupted|NoFractions","0","5","44","20"
"20250612_130606.txt","81","B+","Corrupted|NoUnits","0","0","26","21"
"20250612_134316.txt","81","B+","Corrupted|NoFractions|MinimalCookingTerms","0","10","48","15"
"20250612_135024.txt","81","B+","Corrupted|NoFractions|MinimalCookingTerms","0","4","19","3"
"20250612_144440.txt","81","B+","Corrupted|NoFractions","0","9","47","28"
"20250612_170443.txt","81","B+","Corrupted|NoFractions","0","6","39","53"
"20250519_204546.txt","80","B+","Corrupted|NoFractions","0","7","29","22"
"20250519_205603.txt","80","B+","Corrupted|NoFractions","0","3","23","17"
"20250521_134821(1).txt","80","B+","Corrupted|NoFractions|MinimalCookingTerms","0","3","37","13"
"20250521_140213.txt","80","B+","Corrupted|MinimalFractions","1","12","24","47"
"20250521_144459.txt","80","B+","Corrupted|NoFractions","0","6","24","26"
"20250521_170236.txt","80","B+","Corrupted|NoFractions","0","5","36","30"
"20250521_180450.txt","80","B+","Corrupted|NoFractions","0","10","27","28"
"20250521_200056.txt","80","B+","Corrupted|NoFractions","0","3","35","38"
"20250521_200159.txt","80","B+","Corrupted","8","19","38","57"
"20250528_153842.txt","80","B+","Corrupted|NoFractions|MinimalCookingTerms","0","3","47","19"
"20250528_160629.txt","80","B+","Corrupted|NoFractions","0","2","46","28"
"20250528_162755.txt","80","B+","Corrupted|NoUnits","0","0","43","32"
"20250528_163437.txt","80","B+","NoUnits|MinimalCookingTerms","0","0","12","10"
"20250528_172503.txt","80","B+","NoUnits|MinimalCookingTerms","0","0","8","3"
"20250529_001255.txt","80","B+","Corrupted|NoFractions","0","6","125","45"
"20250529_025246.txt","80","B+","NoUnits|MinimalCookingTerms","0","0","17","11"
"20250529_144150.txt","80","B+","Corrupted|NoFractions","0","12","45","47"
"20250529_145805.txt","80","B+","Corrupted","0","4","48","56"
"20250529_205738.txt","80","B+","Corrupted|NoFractions","0","9","14","13"
"20250603_110951.txt","80","B+","NoUnits|MinimalCookingTerms","0","0","20","6"
"20250603_111616.txt","80","B+","Corrupted|NoFractions","0","9","34","19"
"20250603_113315.txt","80","B+","MinimalUnits|MinimalCookingTerms|ShortContent","0","1","9","2"
"20250603_114744.txt","80","B+","Corrupted|MinimalFractions","1","3","35","26"
"20250603_114900.txt","80","B+","Corrupted","2","12","34","41"
"20250603_121509.txt","80","B+","Corrupted|NoFractions|MinimalCookingTerms","0","4","20","18"
"20250603_122213.txt","80","B+","Corrupted|NoFractions|MinimalCookingTerms","0","5","20","17"
"20250603_122703.txt","80","B+","Corrupted|NoFractions|MinimalCookingTerms","0","6","18","13"
"20250610_135228.txt","80","B+","Corrupted|NoFractions","0","12","45","41"
"20250610_194030.txt","80","B+","Corrupted","2","5","48","85"
"20250610_194437.txt","80","B+","Corrupted|NoFractions","0","10","38","34"
"20250610_233928.txt","80","B+","Corrupted|NoFractions","0","5","55","22"
"20250611_170200.txt","80","B+","Corrupted|NoFractions|MinimalCookingTerms","0","2","18","7"
"20250612_014950.txt","80","B+","NoUnits|MinimalCookingTerms","0","0","19","9"
"20250612_015955.txt","80","B+","NoUnits|MinimalCookingTerms","0","0","18","12"
"20250612_024103.txt","80","B+","Corrupted|NoFractions","0","11","32","29"
"20250612_131628.txt","80","B+","Corrupted|NoFractions","0","15","42","24"
"20250612_131706.txt","80","B+","Corrupted|NoFractions","0","6","36","21"
"20250612_144501.txt","80","B+","Corrupted|NoFractions|MinimalCookingTerms","0","7","29","18"
"20250612_144631.txt","80","B+","Corrupted|NoFractions|MinimalCookingTerms","0","8","40","29"
"20250519_205555.txt","79","B","Corrupted|NoUnits|MinimalCookingTerms","0","0","8","7"
"20250520_002340(1).txt","79","B","Corrupted|NoFractions","0","8","28","25"
"20250521_135848(1).txt","79","B","Corrupted|NoFractions","0","5","42","34"
"20250521_200012.txt","79","B","Corrupted|NoFractions|MinimalCookingTerms","0","3","13","13"
"20250521_234931.txt","79","B","Corrupted|MinimalFractions","1","12","35","58"
"20250528_154200.txt","79","B","Corrupted|NoFractions|MinimalCookingTerms","0","2","19","5"
"20250528_160952.txt","79","B","Corrupted|NoFractions|MinimalCookingTerms","0","5","28","20"
"20250528_163612.txt","79","B","Corrupted|NoFractions","0","3","46","18"
"20250528_163936.txt","79","B","Corrupted|NoUnits|MinimalCookingTerms","0","0","19","9"
"20250528_172341.txt","79","B","Corrupted|NoFractions","0","8","62","22"
"20250528_225917.txt","79","B","Corrupted|NoFractions","0","24","52","63"
"20250528_232936.txt","79","B","Corrupted|NoFractions","0","18","44","39"
"20250528_234425.txt","79","B","Corrupted|NoFractions|MinimalCookingTerms","0","3","22","12"
"20250528_235402.txt","79","B","Corrupted|NoFractions|MinimalCookingTerms","0","3","51","17"
"20250529_002501.txt","79","B","Corrupted|NoFractions|MinimalCookingTerms","0","2","24","18"
"20250529_022750.txt","79","B","Corrupted|MinimalFractions","1","14","45","59"
"20250529_025053.txt","79","B","Corrupted|NoFractions","0","6","38","24"
"20250529_140631.txt","79","B","Corrupted|NoUnits|MinimalCookingTerms","0","0","32","12"
"20250529_142003.txt","79","B","Corrupted","0","3","44","39"
"20250529_143633.txt","79","B","Corrupted|MinimalFractions","1","18","50","47"
"20250603_110908.txt","79","B","Corrupted|NoUnits|ShortContent","0","0","13","8"
"20250603_111102.txt","79","B","Corrupted|NoFractions","0","8","21","11"
"20250603_111129.txt","79","B","Corrupted|MinimalCookingTerms","3","5","14","14"
"20250603_113416.txt","79","B","Corrupted|MinimalUnits|MinimalFractions|MinimalCookingTerms","1","1","8","9"
"20250603_115221.txt","79","B","Corrupted|MinimalFractions|MinimalCookingTerms","1","4","36","27"
"20250603_121206.txt","79","B","Corrupted|NoUnits|MinimalCookingTerms","0","0","16","8"
"20250603_133239.txt","79","B","Corrupted|NoFractions","0","13","27","27"
"20250603_133721.txt","79","B","Corrupted|NoFractions","0","10","24","97"
"20250603_134519.txt","79","B","Corrupted|NoFractions|MinimalCookingTerms","0","3","16","9"
"20250610_184551.txt","79","B","Corrupted|MinimalFractions","1","11","36","84"
"20250610_201238.txt","79","B","Corrupted|NoFractions","0","12","19","17"
"20250610_202102.txt","79","B","Corrupted|NoFractions","0","6","25","20"
"20250610_232309.txt","79","B","Corrupted|NoFractions","0","9","43","44"
"20250611_011151.txt","79","B","Corrupted|NoFractions","0","14","82","35"
"20250611_184440.txt","79","B","Corrupted|NoFractions","0","16","54","59"
"20250612_012740.txt","79","B","Corrupted|NoFractions","0","8","40","39"
"20250612_014807.txt","79","B","Corrupted|NoUnits|MinimalCookingTerms","0","0","20","16"
"20250612_024011.txt","79","B","Corrupted|NoUnits|MinimalCookingTerms","0","0","19","11"
"20250612_122059.txt","79","B","Corrupted|NoFractions","0","20","24","39"
"20250612_131318.txt","79","B","Corrupted|NoFractions|MinimalCookingTerms","0","6","26","13"
"20250612_133013.txt","79","B","Corrupted|NoUnits|MinimalCookingTerms","0","0","14","6"
"20250519_205137.txt","78","B","Corrupted|NoFractions|MinimalCookingTerms","0","3","13","4"
"20250519_221110(1).txt","78","B","Corrupted|NoFractions|MinimalCookingTerms","0","6","23","8"
"20250521_140904.txt","78","B","Corrupted|NoFractions","0","4","18","15"
"20250521_172846.txt","78","B","Corrupted|NoFractions","0","9","33","60"
"20250528_163413.txt","78","B","Corrupted|NoUnits|MinimalCookingTerms","0","0","32","14"
"20250528_164242.txt","78","B","Corrupted|NoUnits","0","0","67","21"
"20250528_223639.txt","78","B","Corrupted|NoFractions","0","7","26","15"
"20250528_232843.txt","78","B","Corrupted|NoUnits|MinimalCookingTerms","0","0","53","42"
"20250529_000304.txt","78","B","Corrupted|NoFractions","0","2","50","30"
"20250529_021109.txt","78","B","Corrupted|NoFractions","0","19","50","71"
"20250529_135648.txt","78","B","Corrupted","8","8","26","27"
"20250529_140334.txt","78","B","Corrupted|NoUnits|MinimalCookingTerms","1","0","10","15"
"20250529_140834.txt","78","B","Corrupted|NoFractions|MinimalCookingTerms","0","2","46","23"
"20250529_141039.txt","78","B","Corrupted|NoFractions","0","8","48","48"
"20250529_141253.txt","78","B","Corrupted|NoFractions","0","10","31","58"
"20250529_142003(1).txt","78","B","Corrupted|NoUnits","0","0","43","38"
"20250529_145359.txt","78","B","Corrupted|MinimalFractions","1","13","45","43"
"20250603_111654.txt","78","B","Corrupted|NoFractions","0","16","23","17"
"20250603_134137.txt","78","B","Corrupted|NoFractions","0","13","24","59"
"20250603_134733.txt","78","B","Corrupted|NoFractions","0","3","16","15"
"20250610_194206.txt","78","B","Corrupted|MinimalFractions","1","21","48","50"
"20250610_201821.txt","78","B","Corrupted|MinimalUnits|MinimalFractions|MinimalCookingTerms","1","1","18","16"
"20250611_000842.txt","78","B","Corrupted|NoFractions|MinimalCookingTerms","0","2","24","12"
"20250611_001700.txt","78","B","Corrupted|NoFractions|MinimalCookingTerms","0","3","11","2"
"20250611_004355.txt","78","B","Corrupted|NoFractions","0","5","35","16"
"20250612_134432.txt","78","B","Corrupted|NoFractions","0","4","56","38"
"20250612_135238.txt","78","B","Corrupted|MinimalUnits|FewCookingTerms","0","1","29","16"
"20250612_141539.txt","78","B","Corrupted|NoUnits|MinimalCookingTerms","0","0","9","18"
"20250612_145414.txt","78","B","Corrupted|NoFractions","0","14","35","42"
"20250612_171351.txt","78","B","Corrupted","0","5","40","51"
"20250612_171747.txt","78","B","Corrupted|NoFractions","0","9","25","22"
"20250519_191813.txt","77","B","Corrupted|NoFractions","0","2","17","23"
"20250519_193922.txt","77","B","Corrupted|NoFractions","0","5","33","27"
"20250521_140228.txt","77","B","Corrupted|NoFractions","0","13","24","38"
"20250521_145902.txt","77","B","Corrupted|NoFractions","0","7","25","8"
"20250521_150858.txt","77","B","Corrupted|MinimalUnits|NoFractions","0","1","40","19"
"20250521_151438.txt","77","B","Corrupted|NoFractions","0","3","29","11"
"20250521_170322.txt","77","B","Corrupted|NoFractions","0","3","34","18"
"20250528_153602.txt","77","B","Corrupted|NoFractions","0","13","55","40"
"20250528_160245.txt","77","B","Corrupted|MinimalUnits|NoFractions","0","1","20","14"
"20250528_234733.txt","77","B","Corrupted|MinimalUnits|NoFractions","0","1","12","10"
"20250529_003024.txt","77","B","Corrupted|MinimalUnits|FewCookingTerms","0","1","9","4"
"20250529_020044.txt","77","B","Corrupted|NoFractions","0","14","46","52"
"20250529_020902.txt","77","B","Corrupted|NoFractions|MinimalCookingTerms","0","4","18","7"
"20250529_021146.txt","77","B","Corrupted|NoFractions","0","10","60","70"
"20250529_210851.txt","77","B","Corrupted|NoFractions","0","8","22","13"
"20250603_113151.txt","77","B","Corrupted|MinimalUnits|MinimalCookingTerms|ShortContent","2","1","10","6"
"20250603_115418.txt","77","B","Corrupted|NoFractions","0","8","55","36"
"20250603_120212.txt","77","B","Corrupted|NoFractions","0","5","43","24"
"20250603_120819.txt","77","B","Corrupted|NoFractions","0","10","72","54"
"20250603_122404.txt","77","B","Corrupted|NoFractions|FewCookingTerms","0","3","17","11"
"20250603_123330.txt","77","B","Corrupted|NoFractions|MinimalCookingTerms","0","7","20","13"
"20250603_133101.txt","77","B","Corrupted|NoFractions|MinimalCookingTerms","0","3","22","28"
"20250603_135036.txt","77","B","Corrupted|NoFractions","0","7","27","40"
"20250603_135622.txt","77","B","Corrupted|NoFractions","0","6","24","31"
"20250610_194345.txt","77","B","Corrupted|NoFractions","0","7","39","42"
"20250610_195935.txt","77","B","Corrupted|NoFractions|MinimalCookingTerms","0","9","19","18"
"20250610_203000.txt","77","B","Corrupted|MinimalUnits|NoFractions","0","1","23","12"
"20250610_231126.txt","77","B","Corrupted|NoFractions","0","12","31","39"
"20250610_231541.txt","77","B","Corrupted|NoFractions","0","15","30","47"
"20250611_191824.txt","77","B","Corrupted|NoFractions","0","13","50","71"
"20250611_192407.txt","77","B","Corrupted|NoFractions","0","20","47","41"
"20250611_193338.txt","77","B","Corrupted|NoFractions","0","11","50","75"
"20250612_141246.txt","77","B","Corrupted|NoUnits|MinimalCookingTerms","0","0","5","6"
"20250612_143007.txt","77","B","Corrupted|NoFractions|FewCookingTerms","0","3","12","14"
"20250612_143217.txt","77","B","Corrupted|NoFractions|MinimalCookingTerms","0","3","15","25"
"20250519_194519.txt","76","B","Corrupted|MinimalUnits|NoFractions","0","1","19","12"
"20250519_205546.txt","76","B","Corrupted|MinimalUnits|MinimalCookingTerms|ShortContent","0","1","11","13"
"20250521_111420.txt","76","B","Corrupted|NoFractions","0","15","36","24"
"20250521_133045(1).txt","76","B","Corrupted|NoUnits|MinimalCookingTerms","0","0","25","15"
"20250521_144417.txt","76","B","Corrupted|NoFractions","0","7","24","29"
"20250521_202716.txt","76","B","Corrupted|MinimalUnits|NoFractions","0","1","20","17"
"20250522_000047.txt","76","B","Corrupted|NoFractions","0","15","49","25"
"20250528_143651.txt","76","B","Corrupted|NoFractions","0","7","44","38"
"20250529_002646.txt","76","B","Corrupted|NoUnits|MinimalCookingTerms","0","0","13","6"
"20250529_141143.txt","76","B","Corrupted|NoFractions","0","13","30","49"
"20250529_212642.txt","76","B","Corrupted|NoFractions","0","6","38","44"
"20250603_114236.txt","76","B","Corrupted","0","5","14","11"
"20250610_205240.txt","76","B","Corrupted|NoFractions|FewCookingTerms","0","2","25","10"
"20250610_233424.txt","76","B","Corrupted|NoFractions","0","5","32","81"
"20250610_234843.txt","76","B","Corrupted|NoFractions","0","4","25","14"
"20250611_000743.txt","76","B","Corrupted|NoFractions","0","9","47","20"
"20250611_191519.txt","76","B","Corrupted|NoFractions","0","28","55","63"
"20250611_191917.txt","76","B","Corrupted|NoFractions","0","20","51","73"
"20250612_024305.txt","76","B","Corrupted|NoFractions","0","10","27","23"
"20250612_124718.txt","76","B","Corrupted|NoFractions","0","10","59","27"
"20250612_132652.txt","76","B","Corrupted|NoFractions|FewCookingTerms","0","5","26","13"
"20250612_171002.txt","76","B","Corrupted|NoFractions","0","12","43","36"
"20250612_171127.txt","76","B","Corrupted|NoFractions","0","5","43","57"
"20250519_191941.txt","75","B","Corrupted|MinimalUnits|NoFractions","0","1","21","17"
"20250519_205539.txt","75","B","Corrupted|MinimalUnits|NoFractions","0","1","23","21"
"20250521_165511(1).txt","75","B","Corrupted|NoFractions","0","19","51","68"
"20250521_201033.txt","75","B","Corrupted|FewCookingTerms","0","7","38","26"
"20250521_202622.txt","75","B","Corrupted|MinimalUnits|NoFractions","0","1","35","40"
"20250521_204833.txt","75","B","Corrupted|NoFractions","0","9","30","24"
"20250521_232457.txt","75","B","Corrupted|NoFractions","0","10","34","43"
"20250528_153141.txt","75","B","Corrupted|NoFractions","0","2","60","33"
"20250528_160451.txt","75","B","Corrupted|FewCookingTerms","0","2","17","27"
"20250528_170929.txt","75","B","NoUnits|FewCookingTerms","0","0","8","6"
"20250528_173455.txt","75","B","NoUnits|FewCookingTerms","0","0","22","7"
"20250529_022338.txt","75","B","NoUnits|FewCookingTerms","0","0","8","13"
"20250529_024351.txt","75","B","NoUnits|FewCookingTerms","0","0","10","6"
"20250529_025159.txt","75","B","NoUnits|FewCookingTerms","0","0","22","8"
"20250529_143858.txt","75","B","Corrupted|NoFractions","0","12","48","58"
"20250529_212240.txt","75","B","Corrupted|NoFractions","0","13","60","56"
"20250603_115843.txt","75","B","Corrupted|MinimalUnits|NoFractions","0","1","16","14"
"20250610_194116.txt","75","B","Corrupted|NoFractions","0","22","42","46"
"20250610_195831.txt","75","B","Corrupted|NoFractions|MinimalCookingTerms","0","6","21","14"
"20250610_202852.txt","75","B","Corrupted|NoFractions","0","6","32","23"
"20250610_205205.txt","75","B","Corrupted|MinimalUnits|FewCookingTerms","0","1","21","9"
"20250611_001357.txt","75","B","NoUnits|FewCookingTerms","0","0","11","6"
"20250611_011405.txt","75","B","Corrupted|NoFractions|MinimalCookingTerms","0","3","31","16"
"20250611_184610.txt","75","B","Corrupted|NoFractions","0","12","50","81"
"20250611_192446.txt","75","B","Corrupted|NoFractions|MinimalCookingTerms","0","12","35","20"
"20250612_022831.txt","75","B","Corrupted|MinimalCookingTerms","1","7","44","28"
"20250612_123440.txt","75","B","Corrupted|NoFractions|MinimalCookingTerms","0","2","47","21"
"20250612_124748.txt","75","B","NoFractions|VeryLowPunctuation|ShortContent","0","4","8","0"
"20250612_132513.txt","75","B","NoUnits|FewCookingTerms","0","0","6","9"
"20250612_141216.txt","75","B","Corrupted|NoFractions","0","6","24","24"
"20250522_000004.txt","74","B-","Corrupted|NoFractions","0","25","55","50"
"20250528_161946.txt","74","B-","Corrupted|NoFractions|MinimalCookingTerms","0","3","44","13"
"20250529_022313.txt","74","B-","Corrupted|NoFractions|FewCookingTerms","0","7","20","16"
"20250529_023652.txt","74","B-","Corrupted|NoFractions","0","13","43","68"
"20250529_142123.txt","74","B-","Corrupted|NoFractions","0","3","44","48"
"20250529_212359.txt","74","B-","Corrupted|MinimalFractions","1","10","61","63"
"20250603_122910.txt","74","B-","Corrupted|NoUnits|MinimalCookingTerms|ShortContent","0","0","9","4"
"20250603_123107.txt","74","B-","Corrupted|MinimalUnits|NoFractions","0","1","21","13"
"20250603_133503.txt","74","B-","Corrupted|NoFractions","0","10","37","111"
"20250603_135405.txt","74","B-","Corrupted|NoFractions","0","7","26","29"
"20250611_004259.txt","74","B-","Corrupted|NoUnits|FewCookingTerms","0","0","11","7"
"20250611_160749.txt","74","B-","Corrupted|NoUnits|FewCookingTerms","0","0","11","10"
"20250612_122206.txt","74","B-","Corrupted|NoFractions|MinimalCookingTerms","0","7","41","34"
"20250612_123149.txt","74","B-","Corrupted|NoUnits|MinimalCookingTerms","0","0","19","11"
"20250612_125124.txt","74","B-","Corrupted|NoUnits|FewCookingTerms","0","0","23","15"
"20250612_135438.txt","74","B-","Corrupted|NoUnits|FewCookingTerms","0","0","17","7"
"20250612_141053.txt","74","B-","Corrupted|NoFractions","0","5","26","29"
"20250519_233227.txt","73","B-","Corrupted|NoFractions","0","16","46","38"
"20250521_144642.txt","73","B-","Corrupted|NoFractions","0","8","49","28"
"20250521_171640.txt","73","B-","Corrupted|FewCookingTerms","0","3","36","26"
"20250521_201635.txt","73","B-","Corrupted|NoFractions|MinimalCookingTerms","0","9","27","15"
"20250521_203332.txt","73","B-","Corrupted|NoFractions","0","9","24","17"
"20250528_141804.txt","73","B-","Corrupted|NoFractions","0","12","38","38"
"20250528_154119.txt","73","B-","Corrupted|NoFractions|MinimalCookingTerms","0","4","23","15"
"20250528_163107.txt","73","B-","MinimalUnits|NoFractions|MinimalCookingTerms","0","1","12","5"
"20250528_173103.txt","73","B-","Corrupted|NoFractions","0","10","22","27"
"20250528_225749.txt","73","B-","Corrupted|MinimalFractions","1","24","76","96"
"20250528_234025.txt","73","B-","Corrupted|NoUnits|FewCookingTerms","0","0","41","13"
"20250529_002809.txt","73","B-","MinimalUnits|NoFractions|MinimalCookingTerms","0","1","14","11"
"20250529_014211.txt","73","B-","Corrupted|NoFractions","0","16","46","56"
"20250529_014302.txt","73","B-","Corrupted|NoFractions","0","15","45","61"
"20250529_145311.txt","73","B-","Corrupted|NoFractions","0","9","49","35"
"20250529_210945.txt","73","B-","Corrupted|MinimalUnits|MinimalCookingTerms|ShortContent","0","1","8","3"
"20250603_110757.txt","73","B-","Corrupted|NoFractions","0","4","37","14"
"20250603_122802.txt","73","B-","Corrupted|NoFractions","0","6","40","29"
"20250603_135810.txt","73","B-","Corrupted|NoFractions","0","11","34","30"
"20250610_204152.txt","73","B-","Corrupted|NoFractions","0","7","18","17"
"20250611_160251.txt","73","B-","Corrupted|NoFractions","0","15","93","29"
"20250611_182922.txt","73","B-","Corrupted|MinimalCookingTerms","0","3","40","47"
"20250611_184658.txt","73","B-","Corrupted|NoFractions","0","10","44","40"
"20250612_014005.txt","73","B-","Corrupted|NoUnits|FewCookingTerms","1","0","13","8"
"20250612_135732.txt","73","B-","Corrupted|NoUnits|FewCookingTerms","0","0","8","4"
"20250612_171643.txt","73","B-","Corrupted|NoUnits|FewCookingTerms","0","0","31","7"
"20250519_191926(1).txt","72","B-","Corrupted|MinimalUnits|NoFractions|MinimalCookingTerms","0","1","10","10"
"20250519_215521(1).txt","72","B-","Corrupted|MinimalUnits|NoFractions|MinimalCookingTerms","0","1","14","4"
"20250519_220747(1).txt","72","B-","Corrupted|NoFractions","0","5","52","33"
"20250521_114210.txt","72","B-","Corrupted|NoFractions","0","3","28","23"
"20250521_132014.txt","72","B-","Corrupted|MinimalUnits|NoFractions","0","1","40","24"
"20250521_202306.txt","72","B-","Corrupted|MinimalUnits|NoFractions","0","1","28","14"
"20250528_171236.txt","72","B-","Corrupted|NoFractions|MinimalCookingTerms","0","6","28","23"
"20250529_021829.txt","72","B-","Corrupted|NoFractions","0","8","45","63"
"20250529_025237.txt","72","B-","Corrupted|FewCookingTerms","0","9","32","20"
"20250529_141928.txt","72","B-","Corrupted","0","3","51","55"
"20250529_211825.txt","72","B-","NoUnits|LowPunctuation|FewCookingTerms","0","0","10","1"
"20250603_111713.txt","72","B-","Corrupted|NoFractions","0","14","28","18"
"20250603_112919.txt","72","B-","Corrupted|NoFractions|FewCookingTerms","0","3","19","16"
"20250603_133015.txt","72","B-","Corrupted|NoFractions","0","10","47","42"
"20250611_003524.txt","72","B-","Corrupted|NoFractions","0","8","32","16"
"20250611_184411.txt","72","B-","Corrupted|MinimalCookingTerms","0","3","38","30"
"20250612_125310.txt","72","B-","MinimalUnits|VeryLowPunctuation|MinimalCookingTerms|ShortContent","0","1","6","0"
"20250612_135659.txt","72","B-","Corrupted|NoFractions","0","18","81","34"
"20250612_140707.txt","72","B-","Corrupted|NoFractions|MinimalCookingTerms","0","2","19","30"
"20250519_221103.txt","71","B-","Corrupted|FewCookingTerms","0","8","10","14"
"20250521_112127.txt","71","B-","Corrupted|MinimalUnits|NoFractions|MinimalCookingTerms","0","1","21","12"
"20250521_200414.txt","71","B-","Corrupted|NoFractions","0","15","27","30"
"20250521_201033(1).txt","71","B-","Corrupted|NoUnits|FewCookingTerms","0","0","18","20"
"20250521_231832.txt","71","B-","Corrupted|MinimalUnits|NoFractions","0","1","18","17"
"20250521_235100.txt","71","B-","Corrupted|MinimalFractions","1","35","78","109"
"20250528_172955.txt","71","B-","Corrupted|NoFractions","0","5","16","19"
"20250529_023554.txt","71","B-","Corrupted|NoFractions","0","14","46","63"
"20250529_144351.txt","71","B-","Corrupted|NoFractions","0","9","67","38"
"20250529_145525.txt","71","B-","Corrupted|MinimalFractions","1","16","54","51"
"20250610_140144.txt","71","B-","Corrupted|MinimalFractions","1","19","43","60"
"20250610_182224.txt","71","B-","Corrupted|NoFractions|MinimalCookingTerms","0","7","15","7"
"20250610_184630.txt","71","B-","Corrupted|NoFractions","0","25","38","59"
"20250610_195051.txt","71","B-","Corrupted|NoFractions","0","12","43","53"
"20250610_201506.txt","71","B-","Corrupted|NoFractions","0","7","60","40"
"20250610_230520.txt","71","B-","Corrupted|NoFractions","0","13","33","36"
"20250611_160121.txt","71","B-","Corrupted|NoUnits|FewCookingTerms","0","0","16","12"
"20250612_123224.txt","71","B-","Corrupted|NoUnits|FewCookingTerms","0","0","14","7"
"20250612_123402.txt","71","B-","Corrupted|MinimalUnits|MinimalCookingTerms","0","1","49","27"
"20250612_141714.txt","71","B-","Corrupted|NoFractions","0","12","38","32"
"20250612_143128.txt","71","B-","Corrupted|MinimalUnits|NoFractions|MinimalCookingTerms","0","1","4","8"
"20250612_144306.txt","71","B-","Corrupted|FewCookingTerms","0","6","37","16"
"20250521_014757.txt","70","B-","Corrupted","0","7","57","77"
"20250521_145435.txt","70","B-","Corrupted","9","17","67","87"
"20250521_165608(1).txt","70","B-","Corrupted","0","5","56","82"
"20250521_170149.txt","70","B-","Corrupted","4","22","75","75"
"20250521_200150.txt","70","B-","Corrupted","8","22","43","54"
"20250521_201419.txt","70","B-","Corrupted","0","11","31","41"
"20250521_202913.txt","70","B-","Corrupted","0","3","30","55"
"20250521_232801.txt","70","B-","Corrupted|NoFractions","0","6","50","60"
"20250521_232931.txt","70","B-","Corrupted|NoFractions","0","16","43","84"
"20250528_152643.txt","70","B-","NoUnits|FewCookingTerms|ShortContent","0","0","7","2"
"20250528_170721.txt","70","B-","NoUnits|FewCookingTerms|ShortContent","0","0","3","1"
"20250528_172651.txt","70","B-","Corrupted|MinimalUnits|NoFractions|MinimalCookingTerms","0","1","19","13"
"20250528_172826.txt","70","B-","NoUnits|FewCookingTerms|ShortContent","0","0","3","3"
"20250529_024647.txt","70","B-","NoUnits|FewCookingTerms|ShortContent","0","0","6","2"
"20250529_143533.txt","70","B-","Corrupted","2","12","75","48"
"20250603_111950.txt","70","B-","Corrupted","12","22","68","78"
"20250603_114134.txt","70","B-","Corrupted","0","7","26","48"
"20250603_114342.txt","70","B-","Corrupted","0","5","17","34"
"20250610_193611.txt","70","B-","Corrupted","2","16","65","33"
"20250610_230552.txt","70","B-","Corrupted","0","4","42","106"
"20250611_160506.txt","70","B-","Corrupted|NoFractions","0","12","63","22"
"20250611_192157.txt","70","B-","Corrupted|NoFractions","0","16","53","80"
"20250612_130305.txt","70","B-","NoFractions|VeryLowPunctuation|MinimalCookingTerms|ShortContent","0","6","9","0"
"20250612_132343.txt","70","B-","NoUnits|FewCookingTerms|ShortContent","0","0","8","3"
"20250612_133050.txt","70","B-","NoUnits|FewCookingTerms|ShortContent","0","0","7","3"
"20250612_134349.txt","70","B-","NoUnits|FewCookingTerms|ShortContent","0","0","4","4"
"20250612_143953.txt","70","B-","Corrupted|NoFractions","0","13","42","78"
"20250612_170252.txt","70","B-","Corrupted|MinimalFractions","1","8","40","32"
"20250519_232141.txt","69","C+","Corrupted|FewCookingTerms","0","3","27","8"
"20250519_233217.txt","69","C+","Corrupted|NoFractions","0","21","36","50"
"20250521_144327.txt","69","C+","Corrupted|NoFractions","0","27","64","53"
"20250521_202204.txt","69","C+","Corrupted|NoFractions","0","3","48","30"
"20250521_231647.txt","69","C+","Corrupted|NoFractions","0","18","33","29"
"20250528_160214.txt","69","C+","Corrupted|NoFractions","0","6","26","13"
"20250528_173426.txt","69","C+","Corrupted|FewCookingTerms","0","3","34","17"
"20250529_020141.txt","69","C+","Corrupted|NoFractions","0","22","46","74"
"20250529_022000.txt","69","C+","Corrupted|NoFractions","0","8","50","49"
"20250529_025239.txt","69","C+","Corrupted|FewCookingTerms","0","9","33","31"
"20250529_140715.txt","69","C+","Corrupted|NoUnits|FewCookingTerms|ShortContent","0","0","3","0"
"20250529_144818.txt","69","C+","Corrupted|NoFractions","0","4","54","51"
"20250610_234034.txt","69","C+","Corrupted|NoUnits|FewCookingTerms|ShortContent","0","0","8","8"
"20250611_193303.txt","69","C+","Corrupted|NoFractions","0","14","53","59"
"20250612_122720.txt","69","C+","Corrupted|NoUnits|FewCookingTerms|ShortContent","0","0","4","2"
"20250612_124531.txt","69","C+","Corrupted|NoUnits|FewCookingTerms|ShortContent","0","0","4","4"
"20250612_131413.txt","69","C+","Corrupted|NoUnits|FewCookingTerms|ShortContent","0","0","6","2"
"20250612_134642.txt","69","C+","Corrupted|NoUnits|FewCookingTerms|ShortContent","0","0","7","2"
"20250519_191926.txt","68","C+","Corrupted|FewCookingTerms","0","6","27","22"
"20250521_170027.txt","68","C+","Corrupted|NoFractions","0","11","35","31"
"20250521_205435.txt","68","C+","Corrupted|NoFractions","0","9","30","34"
"20250521_233039.txt","68","C+","Corrupted|NoFractions","0","12","50","99"
"20250529_021350.txt","68","C+","Corrupted|NoFractions","0","17","26","61"
"20250529_134004.txt","68","C+","Corrupted|NoFractions","0","8","64","21"
"20250529_214329.txt","68","C+","Corrupted|NoFractions","0","22","54","57"
"20250603_110829.txt","68","C+","MinimalUnits|NoFractions|MinimalCookingTerms|ShortContent","0","1","8","3"
"20250603_133952.txt","68","C+","Corrupted|NoFractions","0","15","30","66"
"20250610_195157.txt","68","C+","Corrupted|NoFractions","0","14","48","39"
"20250611_003902.txt","68","C+","Corrupted|NoUnits|FewCookingTerms|ShortContent","0","0","7","6"
"20250611_192832.txt","68","C+","Corrupted|MinimalFractions","1","19","55","79"
"20250612_143327.txt","68","C+","Corrupted|MinimalUnits|NoFractions|MinimalCookingTerms","0","1","11","21"
"20250612_145255.txt","68","C+","Corrupted|NoFractions","0","13","34","43"
"20250521_145655.txt","67","C+","Corrupted|NoFractions","0","14","32","26"
"20250528_163004.txt","67","C+","Corrupted|MinimalUnits|NoFractions","0","1","30","26"
"20250528_230117.txt","67","C+","Corrupted|NoFractions","0","19","61","91"
"20250529_141616.txt","67","C+","Corrupted|MinimalUnits|NoFractions|MinimalCookingTerms","0","1","49","43"
"20250610_203813.txt","67","C+","Corrupted|NoFractions","0","16","33","42"
"20250610_230836.txt","67","C+","Corrupted|NoFractions","0","17","28","32"
"20250611_192741.txt","67","C+","Corrupted|NoFractions","0","21","60","62"
"20250612_012850.txt","67","C+","Corrupted|MinimalUnits|NoFractions|FewCookingTerms","0","1","16","7"
"20250612_024624.txt","67","C+","Corrupted|NoFractions","0","11","20","39"
"20250612_122337.txt","67","C+","Corrupted|MinimalUnits|NoFractions|MinimalCookingTerms|ShortContent","0","1","4","2"
"20250519_215819.txt","66","C+","Corrupted|NoFractions|MinimalCookingTerms","0","3","21","23"
"20250521_140535.txt","66","C+","Corrupted|NoFractions","0","13","33","45"
"20250521_141719.txt","66","C+","Corrupted|NoFractions","0","9","34","56"
"20250610_194257.txt","66","C+","Corrupted|NoFractions","0","13","44","51"
"20250610_194642.txt","66","C+","Corrupted|NoFractions","0","9","41","51"
"20250611_184806.txt","66","C+","Corrupted|NoFractions","0","11","49","63"
"20250612_123311.txt","66","C+","Corrupted|NoFractions","0","4","71","33"
"20250612_140836.txt","66","C+","Corrupted|NoFractions","0","6","17","28"
"20250519_203002.txt","65","C+","Corrupted|MinimalCookingTerms","0","10","45","98"
"20250521_111559.txt","65","C+","Corrupted|NoFractions","0","17","53","31"
"20250521_111855.txt","65","C+","Corrupted|MinimalFractions","1","21","39","88"
"20250521_120650.txt","65","C+","Corrupted|NoFractions","0","7","21","37"
"20250521_144249.txt","65","C+","Corrupted|MinimalFractions","1","16","63","76"
"20250521_200527.txt","65","C+","Corrupted|MinimalFractions","1","21","71","115"
"20250521_204657.txt","65","C+","Corrupted|MinimalFractions","1","14","25","61"
"20250521_205340.txt","65","C+","Corrupted|MinimalFractions","1","4","34","54"
"20250521_233422.txt","65","C+","Corrupted|MinimalFractions","1","16","54","73"
"20250528_223838.txt","65","C+","Corrupted|MinimalCookingTerms","0","4","24","47"
"20250528_225941.txt","65","C+","Corrupted|MinimalFractions","1","24","52","80"
"20250529_021330.txt","65","C+","Corrupted|MinimalFractions","1","17","23","52"
"20250529_021445.txt","65","C+","Corrupted|NoFractions","0","20","26","60"
"20250529_134116.txt","65","C+","Corrupted|MinimalFractions","1","18","35","80"
"20250603_120627.txt","65","C+","Corrupted|NoFractions","0","9","28","21"
"20250603_121023.txt","65","C+","Corrupted|MinimalFractions","1","14","79","103"
"20250610_201724.txt","65","C+","Corrupted|NoFractions","0","8","47","36"
"20250610_201930.txt","65","C+","Corrupted|MinimalUnits|NoFractions|FewCookingTerms","0","1","20","14"
"20250610_204834.txt","65","C+","Corrupted|NoFractions","0","16","41","57"
"20250610_224342.txt","65","C+","Corrupted|MinimalFractions","1","24","68","103"
"20250611_183017.txt","65","C+","Corrupted|NoFractions","0","13","54","34"
"20250612_021608.txt","65","C+","Corrupted|NoFractions|MinimalCookingTerms","0","6","35","55"
"20250612_144542.txt","65","C+","Corrupted|FewCookingTerms","0","4","29","34"
"20250612_171321.txt","65","C+","Corrupted|MinimalFractions","1","9","67","239"
"20250521_145621.txt","64","C","Corrupted|NoFractions","0","22","32","74"
"20250528_143819.txt","64","C","Corrupted|NoFractions","0","10","44","43"
"20250528_225824.txt","64","C","Corrupted|NoFractions","0","21","77","83"
"20250529_134229.txt","64","C","Corrupted|MinimalUnits|NoFractions|MinimalCookingTerms","0","1","62","23"
"20250529_210702.txt","64","C","Corrupted|NoUnits|FewCookingTerms|ShortContent","0","0","7","5"
"20250603_113529.txt","64","C","Corrupted|NoFractions","0","10","64","35"
"20250610_195603.txt","64","C","Corrupted|NoFractions","0","18","38","61"
"20250610_201613.txt","64","C","Corrupted|NoUnits","0","0","45","33"
"20250611_004019.txt","64","C","Corrupted|NoFractions","0","7","67","27"
"20250611_173034.txt","64","C","Corrupted|NoFractions","0","22","52","55"
"20250521_150051.txt","63","C","Corrupted|NoFractions","0","5","30","32"
"20250603_120130.txt","63","C","Corrupted|NoFractions","0","19","30","21"
"20250610_230753.txt","63","C","Corrupted|NoFractions","0","13","45","48"
"20250611_160345.txt","63","C","MinimalUnits|NoFractions|FewCookingTerms|ShortContent","0","1","4","4"
"20250520_002340.txt","62","C","Corrupted|FewCookingTerms","0","15","38","27"
"20250521_141719(1).txt","62","C","Corrupted|NoFractions","0","9","31","75"
"20250521_145550.txt","62","C","Corrupted|NoFractions","0","15","28","75"
"20250529_022142.txt","62","C","Corrupted|FewCookingTerms","0","12","27","38"
"20250603_125831.txt","62","C","Corrupted|NoFractions","0","18","45","57"
"20250610_224758.txt","62","C","Corrupted|NoFractions|MinimalCookingTerms","0","4","25","31"
"20250610_230939.txt","62","C","Corrupted|NoFractions","0","17","33","46"
"20250611_191426.txt","62","C","Corrupted|NoFractions","0","15","55","90"
"20250519_232806.txt","61","C","Corrupted|FewCookingTerms","0","12","23","34"
"20250519_232817.txt","61","C","Corrupted|FewCookingTerms","0","4","28","34"
"20250521_145820.txt","61","C","Corrupted|FewCookingTerms","0","5","35","10"
"20250521_165703(1).txt","61","C","Corrupted|NoFractions","0","17","59","61"
"20250527_190032.txt","61","C","Corrupted|NoFractions","0","16","57","42"
"20250528_225720.txt","61","C","Corrupted|NoFractions","0","27","61","95"
"20250610_231200.txt","61","C","Corrupted|NoFractions","0","16","32","46"
"20250611_192557.txt","61","C","Corrupted|NoFractions","0","22","66","59"
"20250519_190841.txt","60","C","Corrupted|FewCookingTerms","0","3","43","27"
"20250519_191906.txt","60","C","Corrupted|FewCookingTerms","0","11","42","72"
"20250519_215712.txt","60","C","Corrupted|FewCookingTerms","0","2","29","14"
"20250519_220422.txt","60","C","Corrupted|FewCookingTerms","0","44","75","381"
"20250519_220423.txt","60","C","Corrupted|FewCookingTerms","0","26","78","201"
"20250519_220741.txt","60","C","Corrupted|FewCookingTerms","0","26","47","59"
"20250519_220747.txt","60","C","Corrupted|FewCookingTerms","0","19","45","60"
"20250519_220902.txt","60","C","Corrupted|FewCookingTerms","0","7","32","36"
"20250519_221110.txt","60","C","Corrupted|FewCookingTerms","0","10","31","38"
"20250519_232812.txt","60","C","Corrupted|FewCookingTerms","0","12","25","20"
"20250519_232840.txt","60","C","Corrupted|FewCookingTerms","0","12","27","49"
"20250519_232912.txt","60","C","Corrupted|FewCookingTerms","0","26","43","53"
"20250521_014713.txt","60","C","Corrupted|FewCookingTerms","0","9","52","32"
"20250521_111326.txt","60","C","Corrupted|FewCookingTerms","1","14","49","35"
"20250521_111513(1).txt","60","C","Corrupted|NoFractions","0","20","48","34"
"20250521_111513.txt","60","C","Corrupted|FewCookingTerms","0","9","56","43"
"20250521_121100.txt","60","C","Corrupted|FewCookingTerms","0","4","34","40"
"20250521_125108.txt","60","C","Corrupted|FewCookingTerms","0","59","79","132"
"20250521_131936.txt","60","C","Corrupted|FewCookingTerms","0","18","36","82"
"20250521_132100.txt","60","C","Corrupted|FewCookingTerms","0","11","31","38"
"20250521_132110.txt","60","C","Corrupted|FewCookingTerms","1","12","41","27"
"20250521_132908.txt","60","C","Corrupted|FewCookingTerms","0","4","19","18"
"20250521_133039.txt","60","C","Corrupted|FewCookingTerms","0","8","29","26"
"20250521_133045.txt","60","C","Corrupted|FewCookingTerms","0","8","42","28"
"20250521_133051.txt","60","C","Corrupted|FewCookingTerms","0","5","20","15"
"20250521_133520.txt","60","C","Corrupted|FewCookingTerms","0","22","66","185"
"20250521_134010.txt","60","C","Corrupted|FewCookingTerms","0","12","29","15"
"20250521_134800.txt","60","C","Corrupted|FewCookingTerms","0","17","26","18"
"20250521_134821.txt","60","C","Corrupted|FewCookingTerms","0","22","25","45"
"20250521_135316.txt","60","C","Corrupted|FewCookingTerms","0","25","24","74"
"20250521_135504.txt","60","C","Corrupted|FewCookingTerms","0","55","76","212"
"20250521_135631.txt","60","C","Corrupted|FewCookingTerms","0","9","29","64"
"20250521_140535(1).txt","60","C","Corrupted|NoFractions","0","18","33","57"
"20250521_143811.txt","60","C","Corrupted|FewCookingTerms","0","11","63","45"
"20250521_144634.txt","60","C","Corrupted|FewCookingTerms","0","14","25","53"
"20250521_145338.txt","60","C","Corrupted|FewCookingTerms","0","42","66","163"
"20250521_151004.txt","60","C","Corrupted|FewCookingTerms","0","14","43","31"
"20250521_151130.txt","60","C","Corrupted|FewCookingTerms","0","50","65","115"
"20250521_151229.txt","60","C","Corrupted|FewCookingTerms","0","27","67","105"
"20250521_165245.txt","60","C","Corrupted|FewCookingTerms","0","25","82","72"
"20250521_165331.txt","60","C","Corrupted|FewCookingTerms","0","34","86","42"
"20250521_165511.txt","60","C","Corrupted|FewCookingTerms","0","44","73","70"
"20250521_165608.txt","60","C","Corrupted|FewCookingTerms","0","40","78","253"
"20250521_165703.txt","60","C","Corrupted|FewCookingTerms","0","33","76","84"
"20250521_170136.txt","60","C","Corrupted|FewCookingTerms","0","15","84","132"
"20250521_170533.txt","60","C","Corrupted|FewCookingTerms","0","15","29","29"
"20250521_170709.txt","60","C","Corrupted|FewCookingTerms","0","10","22","11"
"20250521_171448.txt","60","C","Corrupted|FewCookingTerms","0","41","69","74"
"20250521_171549.txt","60","C","Corrupted|FewCookingTerms","0","43","62","70"
"20250521_171604.txt","60","C","Corrupted|FewCookingTerms","0","49","76","171"
"20250521_171609.txt","60","C","Corrupted|FewCookingTerms","0","47","73","60"
"20250521_171631.txt","60","C","Corrupted|FewCookingTerms","0","9","66","73"
"20250521_171706.txt","60","C","Corrupted|FewCookingTerms","0","47","55","74"
"20250521_180551.txt","60","C","Corrupted|FewCookingTerms","0","17","64","103"
"20250521_182759.txt","60","C","Corrupted|FewCookingTerms","0","24","27","69"
"20250521_200003.txt","60","C","Corrupted|FewCookingTerms","1","82","104","747"
"20250521_200335.txt","60","C","Corrupted|MinimalFractions|MinimalCookingTerms","1","10","38","44"
"20250521_200650.txt","60","C","Corrupted|FewCookingTerms","0","11","28","22"
"20250521_201542.txt","60","C","Corrupted|FewCookingTerms","0","19","55","68"
"20250521_202010.txt","60","C","Corrupted|FewCookingTerms","0","11","21","22"
"20250521_205315.txt","60","C","Corrupted|FewCookingTerms","0","12","42","63"
"20250521_232725.txt","60","C","Corrupted|FewCookingTerms","0","46","73","199"
"20250521_233422(0).txt","60","C","Corrupted|FewCookingTerms","0","54","70","109"
"20250521_234539.txt","60","C","Corrupted|FewCookingTerms","0","13","55","65"
"20250521_235917.txt","60","C","Corrupted|FewCookingTerms","0","34","71","74"
"20250527_190018.txt","60","C","Corrupted|FewCookingTerms","0","14","63","50"
"20250528_141812.txt","60","C","Corrupted|FewCookingTerms","0","33","69","118"
"20250528_143911.txt","60","C","Corrupted|FewCookingTerms","0","15","61","82"
"20250528_151959.txt","60","C","Corrupted|FewCookingTerms","1","35","52","82"
"20250528_162420.txt","60","C","Corrupted|FewCookingTerms","0","4","30","35"
"20250528_163345.txt","60","C","Corrupted|FewCookingTerms","0","15","37","45"
"20250528_172253.txt","60","C","Corrupted|FewCookingTerms","0","7","24","23"
"20250528_172354.txt","60","C","Corrupted|FewCookingTerms","0","10","24","28"
"20250528_230315.txt","60","C","Corrupted|NoFractions","0","18","62","91"
"20250528_232546.txt","60","C","Corrupted|FewCookingTerms","0","26","70","107"
"20250528_233410.txt","60","C","Corrupted|FewCookingTerms","0","5","38","43"
"20250528_234800.txt","60","C","Corrupted|FewCookingTerms","0","6","26","13"
"20250529_000217.txt","60","C","Corrupted|FewCookingTerms","0","19","52","84"
"20250529_013811.txt","60","C","Corrupted|FewCookingTerms","0","11","45","67"
"20250529_022726.txt","60","C","Corrupted|FewCookingTerms","0","29","54","47"
"20250529_025236.txt","60","C","Corrupted|FewCookingTerms","0","8","29","29"
"20250529_140650.txt","60","C","Corrupted|FewCookingTerms","0","15","28","21"
"20250529_141704.txt","60","C","Corrupted|FewCookingTerms","1","2","56","31"
"20250529_141746.txt","60","C","Corrupted|FewCookingTerms","0","9","64","51"
"20250529_210227.txt","60","C","Corrupted|FewCookingTerms","0","19","47","34"
"20250610_203312.txt","60","C","Corrupted|MinimalFractions|MinimalCookingTerms","1","14","40","75"
"20250611_192011.txt","60","C","Corrupted|NoFractions|FewCookingTerms","0","8","46","38"
"20250612_022908.txt","60","C","Corrupted|FewCookingTerms","2","7","52","42"
"20250612_142736.txt","60","C","Corrupted|NoUnits|LowPunctuation|FewCookingTerms","0","0","47","4"
"20250612_144236.txt","60","C","Corrupted|FewCookingTerms","0","10","37","19"
"20250612_144337.txt","60","C","Corrupted|FewCookingTerms","0","12","55","35"
"20250521_165245(1).txt","59","D","Corrupted|NoFractions","0","14","57","43"
"20250528_230650.txt","59","D","Corrupted|NoFractions","0","23","62","115"
"20250529_022511.txt","59","D","Corrupted|NoFractions","0","12","58","65"
"20250602_212226.txt","59","D","Corrupted|NoFractions","0","17","56","69"
"20250610_231037.txt","59","D","Corrupted|NoFractions","0","8","33","40"
"20250611_011518.txt","59","D","Corrupted|NoFractions","0","5","52","25"
"20250611_191606.txt","59","D","Corrupted|NoFractions","0","14","52","94"
"20250519_191813(1).txt","58","D","Corrupted|NoFractions","0","5","17","33"
"20250521_125154.txt","58","D","Corrupted|NoFractions","0","14","36","50"
"20250521_133639.txt","58","D","Corrupted|NoFractions","0","6","45","61"
"20250521_140148.txt","58","D","Corrupted|NoFractions","0","8","27","63"
"20250521_140734.txt","58","D","Corrupted|NoFractions","0","16","35","99"
"20250521_140821.txt","58","D","Corrupted|NoFractions","0","14","38","88"
"20250521_144035.txt","58","D","Corrupted|NoFractions","0","17","62","55"
"20250521_144127.txt","58","D","Corrupted|NoFractions","0","25","52","62"
"20250521_165757.txt","58","D","Corrupted|NoFractions","0","17","61","74"
"20250521_170855(1).txt","58","D","Corrupted|NoFractions","0","16","52","65"
"20250521_171113.txt","58","D","Corrupted|NoFractions","0","32","78","70"
"20250521_172438(1).txt","58","D","Corrupted|NoFractions","0","22","59","107"
"20250521_172822.txt","58","D","Corrupted|NoFractions","0","11","32","68"
"20250521_204645.txt","58","D","Corrupted|NoFractions","0","11","27","56"
"20250521_233236.txt","58","D","Corrupted|NoFractions","0","12","43","41"
"20250521_233823.txt","58","D","Corrupted|NoFractions","0","17","48","51"
"20250521_233948.txt","58","D","Corrupted|NoFractions","0","18","56","68"
"20250521_234238.txt","58","D","Corrupted|NoFractions","0","13","39","64"
"20250521_234655.txt","58","D","Corrupted|NoFractions","0","7","65","71"
"20250521_234948.txt","58","D","Corrupted|NoFractions","0","19","37","77"
"20250521_235127.txt","58","D","Corrupted|NoFractions","0","15","88","132"
"20250522_005246.txt","58","D","Corrupted|NoFractions","0","11","51","51"
"20250528_151911.txt","58","D","Corrupted|NoFractions","0","20","65","97"
"20250528_152035.txt","58","D","Corrupted|NoFractions","0","11","58","83"
"20250528_173248.txt","58","D","Corrupted|NoFractions","0","27","61","71"
"20250528_225544.txt","58","D","Corrupted|NoFractions","0","23","97","112"
"20250528_230215.txt","58","D","Corrupted|NoFractions","0","27","61","93"
"20250528_230357.txt","58","D","Corrupted|NoFractions","0","30","62","97"
"20250528_230505.txt","58","D","Corrupted|NoFractions","0","29","59","118"
"20250528_230616.txt","58","D","Corrupted|NoFractions","0","24","69","116"
"20250529_001057.txt","58","D","Corrupted|NoFractions","0","9","78","88"
"20250529_023039.txt","58","D","Corrupted|NoFractions","0","18","65","84"
"20250529_023138(1).txt","58","D","Corrupted|NoFractions","0","10","43","47"
"20250529_023138.txt","58","D","Corrupted|NoFractions","0","13","47","65"
"20250529_023303.txt","58","D","Corrupted|NoFractions","0","30","63","109"
"20250529_023912.txt","58","D","Corrupted|NoFractions","0","15","56","64"
"20250529_141807.txt","58","D","Corrupted|NoFractions","0","16","50","37"
"20250529_143808.txt","58","D","Corrupted|NoFractions","0","12","55","97"
"20250529_144222.txt","58","D","Corrupted|NoFractions","0","17","56","81"
"20250602_210814.txt","58","D","Corrupted|NoFractions","0","11","51","74"
"20250602_211219.txt","58","D","Corrupted|NoFractions","0","10","43","30"
"20250603_110700.txt","58","D","Corrupted|NoFractions","0","5","79","77"
"20250603_114604.txt","58","D","Corrupted|NoFractions","0","10","35","59"
"20250603_122537.txt","58","D","Corrupted|NoFractions","0","20","65","79"
"20250603_130003.txt","58","D","Corrupted|NoFractions","0","6","44","39"
"20250603_130130.txt","58","D","Corrupted|NoFractions","0","5","20","33"
"20250610_140402.txt","58","D","Corrupted|NoFractions","0","25","45","82"
"20250610_195413.txt","58","D","Corrupted|NoFractions","0","13","73","71"
"20250610_195527.txt","58","D","Corrupted|NoFractions","0","14","41","50"
"20250610_223743.txt","58","D","Corrupted|NoFractions","0","17","65","96"
"20250610_223918.txt","58","D","Corrupted|NoFractions","0","10","90","95"
"20250610_224111.txt","58","D","Corrupted|NoFractions","0","13","67","102"
"20250610_224915.txt","58","D","Corrupted|NoFractions","0","12","28","50"
"20250610_225939.txt","58","D","Corrupted|NoFractions","0","31","67","188"
"20250610_230132.txt","58","D","Corrupted|NoFractions","0","9","23","50"
"20250610_230422.txt","58","D","Corrupted|NoFractions","0","10","29","45"
"20250610_230907.txt","58","D","Corrupted|NoFractions","0","12","40","103"
"20250610_231344.txt","58","D","Corrupted|NoFractions","0","19","33","55"
"20250610_231842.txt","58","D","Corrupted|NoFractions","0","13","85","65"
"20250611_173210.txt","58","D","Corrupted|NoFractions","0","11","53","56"
"20250611_192317.txt","58","D","Corrupted|NoFractions","0","27","50","75"
"20250611_192637.txt","58","D","Corrupted|NoFractions","0","10","45","105"
"20250612_022250.txt","58","D","Corrupted|NoFractions","0","11","21","68"
"20250612_023802.txt","58","D","Corrupted|NoFractions","0","2","32","45"
"20250612_165721.txt","58","D","Corrupted|NoFractions","0","51","100","215"
"20250612_171546.txt","58","D","Corrupted|NoFractions","0","3","59","43"
"20250519_215413.txt","57","D","Corrupted|NoFractions|MinimalCookingTerms","0","7","29","26"
"20250521_141537(1).txt","55","D","Corrupted|NoUnits|MinimalCookingTerms","0","0","39","35"
"20250610_233229.txt","55","D","Corrupted|MinimalFractions|FewCookingTerms","1","21","76","116"
"20250519_183515.txt","54","D","Corrupted|MinimalUnits|NoFractions","0","1","19","19"
"20250529_141850.txt","54","D","Corrupted|MinimalUnits|NoFractions|MinimalCookingTerms","0","1","47","30"
"20250521_151314.txt","53","D","Corrupted|NoFractions|MinimalCookingTerms","0","8","25","50"
"20250528_224017.txt","53","D","Corrupted|NoFractions|MinimalCookingTerms","0","15","44","52"
"20250528_233445.txt","53","D","Corrupted|NoFractions|MinimalCookingTerms","0","12","38","82"
"20250610_195007.txt","53","D","Corrupted|NoFractions|MinimalCookingTerms","0","18","71","107"
"20250610_203427.txt","53","D","Corrupted|NoFractions|MinimalCookingTerms","0","11","42","77"
"20250612_023412.txt","53","D","Corrupted|NoFractions|MinimalCookingTerms","0","6","27","72"
"20250612_170019.txt","53","D","Corrupted|NoFractions|MinimalCookingTerms","0","15","74","557"
"20250612_170116.txt","53","D","Corrupted|NoFractions|MinimalCookingTerms","0","6","49","82"
"20250528_160920.txt","50","D","Corrupted|MinimalUnits|FewCookingTerms","0","1","30","20"
"20250519_232958.txt","48","F","Corrupted|NoFractions|FewCookingTerms","0","22","69","194"
"20250519_233002.txt","48","F","Corrupted|NoFractions|FewCookingTerms","0","15","67","149"
"20250520_002248.txt","48","F","Corrupted|NoFractions|FewCookingTerms","0","14","40","34"
"20250520_002252.txt","48","F","Corrupted|NoFractions|FewCookingTerms","0","7","35","33"
"20250520_011825.txt","48","F","Corrupted|NoFractions|FewCookingTerms","0","10","24","32"
"20250521_131549.txt","48","F","Corrupted|NoFractions|FewCookingTerms","0","4","23","25"
"20250521_134804.txt","48","F","Corrupted|NoFractions|FewCookingTerms","0","24","14","39"
"20250521_135848.txt","48","F","Corrupted|NoFractions|FewCookingTerms","0","16","45","39"
"20250521_141537.txt","48","F","Corrupted|NoFractions|FewCookingTerms","0","29","55","76"
"20250521_144239.txt","48","F","Corrupted|NoFractions|FewCookingTerms","0","31","63","74"
"20250521_151012.txt","48","F","Corrupted|NoFractions|FewCookingTerms","0","10","43","59"
"20250521_170855.txt","48","F","Corrupted|NoFractions|FewCookingTerms","0","45","62","115"
"20250521_171455.txt","48","F","Corrupted|NoFractions|FewCookingTerms","0","29","72","131"
"20250521_171553.txt","48","F","Corrupted|NoFractions|FewCookingTerms","0","29","71","65"
"20250521_171700.txt","48","F","Corrupted|NoFractions|FewCookingTerms","0","36","69","81"
"20250521_172438.txt","48","F","Corrupted|NoFractions|FewCookingTerms","0","30","81","92"
"20250521_202355.txt","48","F","Corrupted|NoFractions|FewCookingTerms","0","41","92","186"
"20250521_231630.txt","48","F","Corrupted|NoFractions|FewCookingTerms","0","24","63","57"
"20250521_233738.txt","48","F","Corrupted|NoFractions|FewCookingTerms","0","16","66","59"
"20250521_235020.txt","48","F","Corrupted|NoFractions|FewCookingTerms","0","20","116","69"
"20250522_005248.txt","48","F","Corrupted|NoFractions|FewCookingTerms","0","29","79","86"
"20250528_232437.txt","48","F","Corrupted|NoFractions|FewCookingTerms","0","16","91","161"
"20250529_022911.txt","48","F","Corrupted|NoFractions|FewCookingTerms","0","17","83","80"
"20250529_024742.txt","48","F","Corrupted|NoFractions|FewCookingTerms","0","6","35","23"
"20250610_233846.txt","47","F","Corrupted|NoUnits|FewCookingTerms|ShortContent","0","0","7","2"
"20250528_160108.txt","45","F","Corrupted|NoUnits|FewCookingTerms","0","0","25","44"
